mean_fit_time,std_fit_time,mean_score_time,std_score_time,param_C,param_class_weight,param_gamma,param_kernel,params,split0_test_score,split1_test_score,split2_test_score,split3_test_score,split4_test_score,mean_test_score,std_test_score,rank_test_score,split0_train_score,split1_train_score,split2_train_score,split3_train_score,split4_train_score,mean_train_score,std_train_score
0.011002302169799805,0.0010877643387326391,0.005621862411499023,0.0008037505440414065,5,,scale,rbf,"{'C': 5, 'class_weight': None, 'gamma': 'scale', 'kernel': 'rbf'}",0.8539325842696629,0.78,0.6516853932584269,0.717391304347826,0.7741935483870969,0.7554405660526026,0.06762898785661664,1,0.7473118279569892,0.7590027700831025,0.8021390374331551,0.7771739130434783,0.7675675675675675,0.7706390232168585,0.018568521460597877
0.01001129150390625,0.0006536909210044247,0.005997514724731446,0.0006368874142448541,1,,scale,rbf,"{'C': 1, 'class_weight': None, 'gamma': 'scale', 'kernel': 'rbf'}",0.8314606741573034,0.7843137254901961,0.6516853932584269,0.723404255319149,0.7741935483870969,0.7530115193224345,0.06119861152913503,2,0.7354497354497356,0.7506849315068492,0.7830687830687831,0.7688172043010753,0.7547169811320754,0.7585475270917037,0.016228122103889346
0.010023832321166992,0.0011081572550847645,0.005811643600463867,0.0009892469177384315,1,,auto,rbf,"{'C': 1, 'class_weight': None, 'gamma': 'auto', 'kernel': 'rbf'}",0.8172043010752689,0.7920792079207922,0.6666666666666666,0.7032967032967034,0.7741935483870969,0.7506880854693057,0.05656090640212674,3,0.7659574468085107,0.7616438356164383,0.8074866310160428,0.7816711590296496,0.7741935483870969,0.7781905241715477,0.01618513882912857
0.010212469100952148,0.000993699457303929,0.007199239730834961,0.0017071515565191555,1,,0.1,rbf,"{'C': 1, 'class_weight': None, 'gamma': 0.1, 'kernel': 'rbf'}",0.8172043010752689,0.7920792079207922,0.6666666666666666,0.7032967032967034,0.7741935483870969,0.7506880854693057,0.05656090640212674,3,0.7659574468085107,0.7616438356164383,0.8074866310160428,0.7816711590296496,0.7741935483870969,0.7781905241715477,0.01618513882912857
0.012398099899291993,0.001958559509864153,0.007999801635742187,0.0018987380851565926,1,balanced,0.1,rbf,"{'C': 1, 'class_weight': 'balanced', 'gamma': 0.1, 'kernel': 'rbf'}",0.8041237113402061,0.7706422018348624,0.6521739130434783,0.7368421052631579,0.7676767676767677,0.7462917398316945,0.051657065842107476,5,0.7707808564231738,0.7626262626262627,0.7969924812030075,0.7798408488063661,0.7786259541984732,0.7777732806514568,0.011425460268519051
0.010400152206420899,0.0004887413998988314,0.005798912048339844,0.000979394742827002,1,balanced,auto,rbf,"{'C': 1, 'class_weight': 'balanced', 'gamma': 'auto', 'kernel': 'rbf'}",0.8041237113402061,0.7706422018348624,0.6521739130434783,0.7368421052631579,0.7676767676767677,0.7462917398316945,0.051657065842107476,5,0.7707808564231738,0.7626262626262627,0.7969924812030075,0.7798408488063661,0.7786259541984732,0.7777732806514568,0.011425460268519051
0.010437965393066406,0.0010341017067166229,0.005782413482666016,0.0003906198776922549,5,balanced,scale,rbf,"{'C': 5, 'class_weight': 'balanced', 'gamma': 'scale', 'kernel': 'rbf'}",0.8085106382978724,0.7722772277227722,0.6444444444444444,0.7311827956989247,0.7578947368421053,0.7428619686012238,0.05517862188192746,7,0.7633587786259542,0.7608695652173914,0.8031088082901554,0.772117962466488,0.768,0.7734910229199979,0.015304988774399788
0.012800836563110351,0.0011701036147408915,0.0053955078125,0.00049183406995784,10,,scale,rbf,"{'C': 10, 'class_weight': None, 'gamma': 'scale', 'kernel': 'rbf'}",0.8314606741573034,0.78,0.6363636363636365,0.7032967032967034,0.7608695652173914,0.742398115807007,0.06702158865501637,8,0.7675675675675675,0.7590027700831025,0.8128342245989305,0.7814207650273224,0.7704918032786885,0.7782634261111223,0.018712996976323334
0.010808897018432618,0.0009758089136312185,0.0058078765869140625,0.00040212118876254343,5,balanced,0.1,rbf,"{'C': 5, 'class_weight': 'balanced', 'gamma': 0.1, 'kernel': 'rbf'}",0.7766990291262137,0.7850467289719627,0.6593406593406593,0.7676767676767677,0.7199999999999999,0.7417526370231207,0.04697361078699278,9,0.8052631578947368,0.8040712468193383,0.8174807197943444,0.8274111675126905,0.8153846153846153,0.8139221814811451,0.008588064452353814
0.010587787628173828,0.0004874520786648195,0.005606508255004883,0.000494719289296531,5,balanced,auto,rbf,"{'C': 5, 'class_weight': 'balanced', 'gamma': 'auto', 'kernel': 'rbf'}",0.7766990291262137,0.7850467289719627,0.6593406593406593,0.7676767676767677,0.7199999999999999,0.7417526370231207,0.04697361078699278,9,0.8052631578947368,0.8040712468193383,0.8174807197943444,0.8274111675126905,0.8153846153846153,0.8139221814811451,0.008588064452353814
0.011211919784545898,0.0007341992337494054,0.0051939964294433595,0.000971896093220928,10,balanced,0.1,rbf,"{'C': 10, 'class_weight': 'balanced', 'gamma': 0.1, 'kernel': 'rbf'}",0.7572815533980584,0.7999999999999999,0.6808510638297872,0.7474747474747475,0.7157894736842105,0.7402793676773607,0.040097082040270335,11,0.8250652741514359,0.8150000000000001,0.8434343434343433,0.8405063291139241,0.8390501319261214,0.832611215725165,0.010844618058981289
0.010997581481933593,0.0008941543335566684,0.004997348785400391,0.0006329162472231112,10,balanced,auto,rbf,"{'C': 10, 'class_weight': 'balanced', 'gamma': 'auto', 'kernel': 'rbf'}",0.7572815533980584,0.7999999999999999,0.6808510638297872,0.7474747474747475,0.7157894736842105,0.7402793676773607,0.040097082040270335,11,0.8250652741514359,0.8150000000000001,0.8434343434343433,0.8405063291139241,0.8390501319261214,0.832611215725165,0.010844618058981289
0.013639688491821289,0.0010328854535011744,0.0049892902374267575,0.0006168936801466038,35,balanced,scale,rbf,"{'C': 35, 'class_weight': 'balanced', 'gamma': 'scale', 'kernel': 'rbf'}",0.8155339805825242,0.7962962962962963,0.6373626373626373,0.7157894736842105,0.7199999999999999,0.7369964775851336,0.06379675110611753,13,0.8144329896907215,0.806122448979592,0.825974025974026,0.8407310704960834,0.8140703517587939,0.8202661773798434,0.01203204697993069
0.01381063461303711,0.0019558231684916826,0.005996274948120117,0.0006378712065302036,10,balanced,scale,rbf,"{'C': 10, 'class_weight': 'balanced', 'gamma': 'scale', 'kernel': 'rbf'}",0.7999999999999999,0.7692307692307692,0.6292134831460675,0.7311827956989247,0.7551020408163266,0.7369458177784176,0.058287674116816304,14,0.7735368956743002,0.7760416666666666,0.8134715025906737,0.7795698924731184,0.7874015748031497,0.7860043064415817,0.014508559051879245
0.010599088668823243,0.000801814242527463,0.005196332931518555,0.0007497132023284546,10,,0.1,rbf,"{'C': 10, 'class_weight': None, 'gamma': 0.1, 'kernel': 'rbf'}",0.7446808510638298,0.816326530612245,0.6666666666666666,0.674698795180723,0.7555555555555556,0.7315856798158039,0.05545745424817447,15,0.8281690140845069,0.8022598870056498,0.8281690140845069,0.8238636363636364,0.8202247191011235,0.8205372541278846,0.00960949703067998
0.010631322860717773,0.0016149201102181043,0.006174802780151367,0.0007203620471280412,10,,auto,rbf,"{'C': 10, 'class_weight': None, 'gamma': 'auto', 'kernel': 'rbf'}",0.7446808510638298,0.816326530612245,0.6666666666666666,0.674698795180723,0.7555555555555556,0.7315856798158039,0.05545745424817447,15,0.8281690140845069,0.8022598870056498,0.8281690140845069,0.8238636363636364,0.8202247191011235,0.8205372541278846,0.00960949703067998
0.014213466644287109,0.0007415940914161222,0.005013036727905274,0.0006439519853229193,40,balanced,scale,rbf,"{'C': 40, 'class_weight': 'balanced', 'gamma': 'scale', 'kernel': 'rbf'}",0.7961165048543689,0.7850467289719627,0.6451612903225806,0.7422680412371135,0.6804123711340205,0.7298009873040092,0.05866580091753588,17,0.8195876288659795,0.8051282051282052,0.8238341968911918,0.8402061855670103,0.8226221079691517,0.8222756648843076,0.01118314383796731
0.016199111938476562,0.0021360609134159192,0.0074002742767333984,0.0018564200090192531,15,balanced,0.1,rbf,"{'C': 15, 'class_weight': 'balanced', 'gamma': 0.1, 'kernel': 'rbf'}",0.7572815533980584,0.8076923076923077,0.6666666666666667,0.7111111111111111,0.702127659574468,0.7289758596885224,0.048826021973623845,18,0.8363636363636363,0.820253164556962,0.85,0.844559585492228,0.8346456692913385,0.837164411140833,0.010123403645195431
0.014995098114013672,0.0037393361291446735,0.008401012420654297,0.0021541843924584914,15,balanced,auto,rbf,"{'C': 15, 'class_weight': 'balanced', 'gamma': 'auto', 'kernel': 'rbf'}",0.7572815533980584,0.8076923076923077,0.6666666666666667,0.7111111111111111,0.702127659574468,0.7289758596885224,0.048826021973623845,18,0.8363636363636363,0.820253164556962,0.85,0.844559585492228,0.8346456692913385,0.837164411140833,0.010123403645195431
0.01362781524658203,0.0007770980275563767,0.005397605895996094,0.0005012995053975965,25,balanced,scale,rbf,"{'C': 25, 'class_weight': 'balanced', 'gamma': 'scale', 'kernel': 'rbf'}",0.8041237113402061,0.7777777777777777,0.6292134831460675,0.717391304347826,0.712871287128713,0.7282755127481181,0.06061759701776961,20,0.7917737789203085,0.7846153846153846,0.8198433420365535,0.8032345013477089,0.81,0.801893401383991,0.012574994886106245
0.011217546463012696,0.0011547905750776328,0.006996917724609375,0.0006112290831873232,1,balanced,scale,rbf,"{'C': 1, 'class_weight': 'balanced', 'gamma': 'scale', 'kernel': 'rbf'}",0.7755102040816326,0.7547169811320755,0.6593406593406593,0.7010309278350516,0.75,0.7281197544778839,0.042181466973610054,21,0.7386934673366835,0.7291139240506329,0.7727272727272727,0.7671957671957673,0.75,0.7515460862620713,0.016518700135612407
0.013010168075561523,0.0012670537353388972,0.005798530578613281,0.000730369334944042,15,balanced,scale,rbf,"{'C': 15, 'class_weight': 'balanced', 'gamma': 'scale', 'kernel': 'rbf'}",0.7789473684210526,0.7663551401869159,0.6292134831460675,0.717391304347826,0.7450980392156864,0.7274010670635097,0.05334532932707468,22,0.7857142857142857,0.7855297157622739,0.8113695090439277,0.7859078590785908,0.805,0.7947042739198157,0.011190186384870715
0.012844133377075195,0.0013298967090615696,0.004602193832397461,0.000489117676179893,30,balanced,scale,rbf,"{'C': 30, 'class_weight': 'balanced', 'gamma': 'scale', 'kernel': 'rbf'}",0.78,0.7850467289719627,0.6222222222222222,0.7157894736842105,0.7199999999999999,0.7246116849756791,0.0588267985146122,23,0.7969151670951158,0.7927461139896373,0.8177083333333333,0.8293963254593176,0.81,0.8093531879754808,0.013434682353770525
0.013819456100463867,0.0024701173128438944,0.00519857406616211,0.0004026501903970169,20,balanced,scale,rbf,"{'C': 20, 'class_weight': 'balanced', 'gamma': 'scale', 'kernel': 'rbf'}",0.7659574468085107,0.7777777777777777,0.6292134831460675,0.717391304347826,0.7326732673267327,0.724602655881383,0.052448155270691986,24,0.7866323907455013,0.7866323907455013,0.8134715025906737,0.7967479674796748,0.81,0.7986968503122702,0.011322120440823352
0.014201688766479491,0.0013384423676466011,0.0055997371673583984,0.0010207702506781244,20,balanced,0.1,rbf,"{'C': 20, 'class_weight': 'balanced', 'gamma': 0.1, 'kernel': 'rbf'}",0.7450980392156864,0.8076923076923077,0.6526315789473683,0.7252747252747254,0.6808510638297872,0.722309542991975,0.05365099913668613,25,0.8415584415584416,0.8295165394402036,0.8650000000000001,0.859375,0.8465608465608465,0.8484021655118983,0.012671109592677254
0.013240909576416016,0.00116829562199434,0.005779838562011719,0.0015837777261371701,20,balanced,auto,rbf,"{'C': 20, 'class_weight': 'balanced', 'gamma': 'auto', 'kernel': 'rbf'}",0.7450980392156864,0.8076923076923077,0.6526315789473683,0.7252747252747254,0.6808510638297872,0.722309542991975,0.05365099913668613,25,0.8415584415584416,0.8295165394402036,0.8650000000000001,0.859375,0.8465608465608465,0.8484021655118983,0.012671109592677254
0.00922856330871582,0.0007531342239271108,0.006178951263427735,0.0007440886194843937,5,,auto,rbf,"{'C': 5, 'class_weight': None, 'gamma': 'auto', 'kernel': 'rbf'}",0.7608695652173914,0.8080808080808081,0.6506024096385543,0.6585365853658537,0.7333333333333334,0.7222845403271883,0.06028931771870667,27,0.8044692737430167,0.791907514450867,0.8192090395480225,0.8034188034188035,0.7942857142857144,0.8026580690892848,0.009627715742940173
0.011197519302368165,0.0013288962297359473,0.005601119995117187,0.0007986788447355557,5,,0.1,rbf,"{'C': 5, 'class_weight': None, 'gamma': 0.1, 'kernel': 'rbf'}",0.7608695652173914,0.8080808080808081,0.6506024096385543,0.6585365853658537,0.7333333333333334,0.7222845403271883,0.06028931771870667,27,0.8044692737430167,0.791907514450867,0.8192090395480225,0.8034188034188035,0.7942857142857144,0.8026580690892848,0.009627715742940173
0.014809179306030273,0.002135226466116921,0.005997610092163086,0.002277968680940997,35,,scale,rbf,"{'C': 35, 'class_weight': None, 'gamma': 'scale', 'kernel': 'rbf'}",0.7555555555555556,0.7999999999999999,0.6506024096385543,0.6585365853658537,0.7356321839080459,0.7200653468936019,0.05744966186146033,29,0.8,0.7813411078717201,0.8225352112676056,0.8,0.7931034482758621,0.7993959534830376,0.0134292819394102
0.017209529876708984,0.002841083651544885,0.007199239730834961,0.002639438059199009,25,balanced,auto,rbf,"{'C': 25, 'class_weight': 'balanced', 'gamma': 'auto', 'kernel': 'rbf'}",0.74,0.7961165048543689,0.6526315789473683,0.7252747252747254,0.6739130434782609,0.7175871705109447,0.050704926829281696,30,0.8459530026109662,0.8410256410256411,0.864321608040201,0.8638743455497382,0.8563829787234043,0.8543115151899903,0.009405528473977883
0.013625288009643554,0.0007800478435865016,0.005006742477416992,0.0011111377533395076,25,balanced,0.1,rbf,"{'C': 25, 'class_weight': 'balanced', 'gamma': 0.1, 'kernel': 'rbf'}",0.74,0.7961165048543689,0.6526315789473683,0.7252747252747254,0.6739130434782609,0.7175871705109447,0.050704926829281696,30,0.8459530026109662,0.8410256410256411,0.864321608040201,0.8638743455497382,0.8563829787234043,0.8543115151899903,0.009405528473977883
0.015429401397705078,0.003699799826569057,0.005010795593261719,0.0009041430482726492,40,,scale,rbf,"{'C': 40, 'class_weight': None, 'gamma': 'scale', 'kernel': 'rbf'}",0.7415730337078651,0.8085106382978724,0.6506024096385543,0.6585365853658537,0.7209302325581395,0.716030579913657,0.0579920505159533,32,0.7942857142857144,0.7871720116618076,0.8258426966292134,0.8,0.7931034482758621,0.8000807741705195,0.013509886146444312
0.012604856491088867,0.0017423507849731892,0.005605840682983398,0.0008100553599580339,15,,0.1,rbf,"{'C': 15, 'class_weight': None, 'gamma': 0.1, 'kernel': 'rbf'}",0.6956521739130435,0.816326530612245,0.6428571428571429,0.6904761904761905,0.7333333333333334,0.715729074238391,0.05793248935681222,33,0.8319088319088318,0.8068181818181819,0.8379888268156425,0.8441926345609064,0.8412256267409471,0.8324268203689019,0.013437707939624913
0.013996744155883789,0.003152734099039197,0.006799888610839844,0.0022249032558121972,15,,auto,rbf,"{'C': 15, 'class_weight': None, 'gamma': 'auto', 'kernel': 'rbf'}",0.6956521739130435,0.816326530612245,0.6428571428571429,0.6904761904761905,0.7333333333333334,0.715729074238391,0.05793248935681222,33,0.8319088319088318,0.8068181818181819,0.8379888268156425,0.8441926345609064,0.8412256267409471,0.8324268203689019,0.013437707939624913
0.013795423507690429,0.0016016275068136219,0.004601621627807617,0.000494691574556113,30,,scale,rbf,"{'C': 30, 'class_weight': None, 'gamma': 'scale', 'kernel': 'rbf'}",0.7555555555555556,0.7999999999999999,0.627906976744186,0.6585365853658537,0.7356321839080459,0.7155262603147283,0.06335198061880333,35,0.7885714285714285,0.7768115942028986,0.8216216216216217,0.8,0.7885714285714285,0.7951152145934755,0.015146719330710335
0.01381697654724121,0.002479032372826702,0.005016469955444336,2.1612141183048334e-05,30,balanced,auto,rbf,"{'C': 30, 'class_weight': 'balanced', 'gamma': 'auto', 'kernel': 'rbf'}",0.7524752475247525,0.7722772277227722,0.6526315789473683,0.717391304347826,0.6813186813186812,0.7152188079722801,0.04407903156195457,36,0.8467532467532467,0.8475452196382429,0.8686868686868686,0.8661417322834646,0.8594164456233423,0.857708702597033,0.009141891546402514
0.01541290283203125,0.002573304983393904,0.005794811248779297,0.0011672684799934286,30,balanced,0.1,rbf,"{'C': 30, 'class_weight': 'balanced', 'gamma': 0.1, 'kernel': 'rbf'}",0.7524752475247525,0.7722772277227722,0.6526315789473683,0.717391304347826,0.6813186813186812,0.7152188079722801,0.04407903156195457,36,0.8467532467532467,0.8475452196382429,0.8686868686868686,0.8661417322834646,0.8594164456233423,0.857708702597033,0.009141891546402514
0.01980118751525879,0.0033107982655995257,0.008795213699340821,0.0023119956733143434,15,,scale,rbf,"{'C': 15, 'class_weight': None, 'gamma': 'scale', 'kernel': 'rbf'}",0.7555555555555556,0.8,0.6206896551724138,0.6741573033707865,0.7209302325581395,0.7142665493313791,0.062393586216278774,38,0.7771428571428572,0.7590027700831025,0.8140161725067386,0.7912087912087912,0.7793696275071634,0.7841480436897306,0.018144695969234705
0.013785696029663086,0.00171994435610501,0.0054053783416748045,0.0008041284822289575,35,balanced,auto,rbf,"{'C': 35, 'class_weight': 'balanced', 'gamma': 'auto', 'kernel': 'rbf'}",0.7524752475247525,0.7722772277227722,0.6595744680851064,0.7032967032967034,0.6813186813186812,0.7137884655896032,0.04247616716323808,39,0.8497409326424871,0.8497409326424871,0.8686868686868686,0.868421052631579,0.8594164456233423,0.8592012464453529,0.008414549787171093
0.014789438247680664,0.0011629785418779555,0.005400991439819336,0.0004901935061346417,35,balanced,0.1,rbf,"{'C': 35, 'class_weight': 'balanced', 'gamma': 0.1, 'kernel': 'rbf'}",0.7524752475247525,0.7722772277227722,0.6595744680851064,0.7032967032967034,0.6813186813186812,0.7137884655896032,0.04247616716323808,39,0.8497409326424871,0.8497409326424871,0.8686868686868686,0.868421052631579,0.8594164456233423,0.8592012464453529,0.008414549787171093
0.018396806716918946,0.004589897775803669,0.0075992107391357425,0.0008005402411712345,1,balanced,1,rbf,"{'C': 1, 'class_weight': 'balanced', 'gamma': 1, 'kernel': 'rbf'}",0.7522935779816513,0.7678571428571428,0.6326530612244898,0.7238095238095237,0.6868686868686869,0.7126963985482989,0.04859660981054684,41,0.8475452196382429,0.8426395939086294,0.8636363636363636,0.8637532133676094,0.8631578947368421,0.8561464570575374,0.009160112856483138
0.01358938217163086,0.0008070618009668948,0.005600881576538086,0.0013578754572981329,20,,scale,rbf,"{'C': 20, 'class_weight': None, 'gamma': 'scale', 'kernel': 'rbf'}",0.7555555555555556,0.787878787878788,0.6206896551724138,0.6585365853658537,0.7356321839080459,0.7116585535761314,0.062303274126717254,42,0.7806267806267807,0.7688022284122562,0.8194070080862534,0.7909604519774011,0.7793696275071634,0.787833219321971,0.017276732799308886
0.013431310653686523,0.001012182326695792,0.004590034484863281,0.0004794372480276292,25,,scale,rbf,"{'C': 25, 'class_weight': None, 'gamma': 'scale', 'kernel': 'rbf'}",0.7555555555555556,0.7835051546391752,0.6206896551724138,0.6585365853658537,0.7356321839080459,0.710783826928209,0.06124879438513343,43,0.7885714285714285,0.7722222222222224,0.8247978436657682,0.7977207977207976,0.7851002865329513,0.7936825157426336,0.017577220607142383
0.012610244750976562,0.001347713764892856,0.005395364761352539,0.0010310379010737276,30,,0.1,rbf,"{'C': 30, 'class_weight': None, 'gamma': 0.1, 'kernel': 'rbf'}",0.7083333333333334,0.8080808080808081,0.6428571428571429,0.6966292134831461,0.6966292134831461,0.7105059422475153,0.05382761732277894,44,0.8435754189944135,0.8412256267409471,0.8674033149171272,0.8712328767123286,0.8531855955678671,0.8553245665865367,0.012168551789115033
0.013795852661132812,0.002401234539251732,0.004805660247802735,0.00040167389522004443,30,,auto,rbf,"{'C': 30, 'class_weight': None, 'gamma': 'auto', 'kernel': 'rbf'}",0.7083333333333334,0.8080808080808081,0.6428571428571429,0.6966292134831461,0.6966292134831461,0.7105059422475153,0.05382761732277894,44,0.8435754189944135,0.8412256267409471,0.8674033149171272,0.8712328767123286,0.8531855955678671,0.8553245665865367,0.012168551789115033
0.01441655158996582,0.0004970101995350081,0.005201482772827148,0.00039975831921552056,35,,0.1,rbf,"{'C': 35, 'class_weight': None, 'gamma': 0.1, 'kernel': 'rbf'}",0.7083333333333334,0.8041237113402061,0.6428571428571429,0.6966292134831461,0.6896551724137931,0.7083197146855242,0.05281815450664646,46,0.8467966573816156,0.8412256267409471,0.8674033149171272,0.8719346049046321,0.859504132231405,0.8573728672351454,0.011745518001208646
0.0146148681640625,0.0015057373894314342,0.005186843872070313,0.0007483292887527586,35,,auto,rbf,"{'C': 35, 'class_weight': None, 'gamma': 'auto', 'kernel': 'rbf'}",0.7083333333333334,0.8041237113402061,0.6428571428571429,0.6966292134831461,0.6896551724137931,0.7083197146855242,0.05281815450664646,46,0.8467966573816156,0.8412256267409471,0.8674033149171272,0.8719346049046321,0.859504132231405,0.8573728672351454,0.011745518001208646
0.01659989356994629,0.002417108988521063,0.00500020980834961,1.1834787031164985e-06,40,balanced,0.1,rbf,"{'C': 40, 'class_weight': 'balanced', 'gamma': 0.1, 'kernel': 'rbf'}",0.74,0.7722772277227722,0.6666666666666667,0.6888888888888889,0.6666666666666666,0.706899889988999,0.042264960074117446,48,0.8511749347258485,0.8497409326424871,0.8686868686868686,0.868421052631579,0.8594164456233423,0.859488046862025,0.008105999146050395
0.014841556549072266,0.0011668752627050278,0.0047972679138183595,0.00039905337436230484,40,balanced,auto,rbf,"{'C': 40, 'class_weight': 'balanced', 'gamma': 'auto', 'kernel': 'rbf'}",0.74,0.7722772277227722,0.6666666666666667,0.6888888888888889,0.6666666666666666,0.706899889988999,0.042264960074117446,48,0.8511749347258485,0.8497409326424871,0.8686868686868686,0.868421052631579,0.8594164456233423,0.859488046862025,0.008105999146050395
0.015414047241210937,0.00360439557781901,0.0065974235534667965,0.0016339283902921825,25,,0.1,rbf,"{'C': 25, 'class_weight': None, 'gamma': 0.1, 'kernel': 'rbf'}",0.7083333333333334,0.7959183673469388,0.6506024096385543,0.6818181818181818,0.6888888888888889,0.7051122362051794,0.0490576397310273,50,0.8418079096045198,0.8352272727272727,0.8571428571428571,0.8657534246575342,0.8459383753501402,0.8491739678964649,0.010932701060048861
0.012229347229003906,0.0017006830834033352,0.005188179016113281,0.0007374469783789449,25,,auto,rbf,"{'C': 25, 'class_weight': None, 'gamma': 'auto', 'kernel': 'rbf'}",0.7083333333333334,0.7959183673469388,0.6506024096385543,0.6818181818181818,0.6888888888888889,0.7051122362051794,0.0490576397310273,50,0.8418079096045198,0.8352272727272727,0.8571428571428571,0.8657534246575342,0.8459383753501402,0.8491739678964649,0.010932701060048861
0.0201967716217041,0.00500045299611649,0.007198238372802734,0.002227769101070489,40,,0.1,rbf,"{'C': 40, 'class_weight': None, 'gamma': 0.1, 'kernel': 'rbf'}",0.7083333333333334,0.8041237113402061,0.6511627906976745,0.6818181818181818,0.6744186046511628,0.7039713243681116,0.053296142326342125,52,0.8444444444444444,0.8412256267409471,0.8642659279778393,0.8695652173913043,0.8618784530386742,0.8562759339186419,0.011298930658200633
0.014595365524291993,0.0007976620091909896,0.0054089069366455075,0.0004840270530693013,40,,auto,rbf,"{'C': 40, 'class_weight': None, 'gamma': 'auto', 'kernel': 'rbf'}",0.7083333333333334,0.8041237113402061,0.6511627906976745,0.6818181818181818,0.6744186046511628,0.7039713243681116,0.053296142326342125,52,0.8444444444444444,0.8412256267409471,0.8642659279778393,0.8695652173913043,0.8618784530386742,0.8562759339186419,0.011298930658200633
0.011610841751098633,0.0010332237073478277,0.006410551071166992,0.00048466941010658407,1,,1,rbf,"{'C': 1, 'class_weight': None, 'gamma': 1, 'kernel': 'rbf'}",0.7157894736842105,0.7766990291262137,0.6265060240963857,0.7111111111111111,0.6808510638297872,0.7021913403695417,0.04898885939833182,54,0.8659217877094972,0.8531855955678671,0.8773841961852862,0.8773841961852862,0.87292817679558,0.8693607904887033,0.009109774902255716
0.01199636459350586,0.0018989780966652142,0.005399894714355469,0.0004902141885349189,20,,0.1,rbf,"{'C': 20, 'class_weight': None, 'gamma': 0.1, 'kernel': 'rbf'}",0.6813186813186812,0.8125,0.6341463414634146,0.6744186046511628,0.7045454545454546,0.7013858163957426,0.060012352928261244,55,0.8319088319088318,0.8238636363636364,0.838526912181303,0.8571428571428572,0.8459383753501402,0.8394761225893538,0.011452413154603934
0.016596174240112303,0.001627673303016171,0.007197237014770508,0.0014653945128974806,20,,auto,rbf,"{'C': 20, 'class_weight': None, 'gamma': 'auto', 'kernel': 'rbf'}",0.6813186813186812,0.8125,0.6341463414634146,0.6744186046511628,0.7045454545454546,0.7013858163957426,0.060012352928261244,55,0.8319088319088318,0.8238636363636364,0.838526912181303,0.8571428571428572,0.8459383753501402,0.8394761225893538,0.011452413154603934
0.15761752128601075,0.08047757174982693,0.002803611755371094,0.0004020413526253275,20,balanced,auto,linear,"{'C': 20, 'class_weight': 'balanced', 'gamma': 'auto', 'kernel': 'linear'}",0.7157894736842105,0.737864077669903,0.6363636363636365,0.7096774193548386,0.702127659574468,0.7003644533294113,0.03414702881178377,57,0.7044334975369457,0.7103825136612023,0.7349081364829395,0.6991869918699187,0.7046070460704607,0.7107036371242934,0.012610131643395767
0.043828153610229494,0.02661679619051529,0.003391075134277344,0.00047933295833772326,5,balanced,auto,linear,"{'C': 5, 'class_weight': 'balanced', 'gamma': 'auto', 'kernel': 'linear'}",0.7157894736842105,0.737864077669903,0.6363636363636365,0.7096774193548386,0.702127659574468,0.7003644533294113,0.03414702881178377,57,0.7044334975369457,0.7103825136612023,0.733509234828496,0.6991869918699187,0.7046070460704607,0.7104238567934047,0.01207413112894111
0.15761895179748536,0.06594568078963013,0.003390645980834961,0.0007853321630262024,20,balanced,scale,linear,"{'C': 20, 'class_weight': 'balanced', 'gamma': 'scale', 'kernel': 'linear'}",0.7157894736842105,0.737864077669903,0.6363636363636365,0.7096774193548386,0.702127659574468,0.7003644533294113,0.03414702881178377,57,0.7044334975369457,0.7103825136612023,0.7349081364829395,0.6991869918699187,0.7046070460704607,0.7107036371242934,0.012610131643395767
0.16320743560791015,0.09204542202023504,0.0032137393951416015,0.00039356899842779016,20,balanced,100,linear,"{'C': 20, 'class_weight': 'balanced', 'gamma': 100, 'kernel': 'linear'}",0.7157894736842105,0.737864077669903,0.6363636363636365,0.7096774193548386,0.702127659574468,0.7003644533294113,0.03414702881178377,57,0.7044334975369457,0.7103825136612023,0.7349081364829395,0.6991869918699187,0.7046070460704607,0.7107036371242934,0.012610131643395767
0.20082454681396483,0.1259335468057677,0.00260009765625,0.0004899024267198463,30,balanced,auto,linear,"{'C': 30, 'class_weight': 'balanced', 'gamma': 'auto', 'kernel': 'linear'}",0.7157894736842105,0.737864077669903,0.6363636363636365,0.7096774193548386,0.702127659574468,0.7003644533294113,0.03414702881178377,57,0.7044334975369457,0.7103825136612023,0.7349081364829395,0.6991869918699187,0.7046070460704607,0.7107036371242934,0.012610131643395767
0.018807220458984374,0.007820958661095952,0.0035997867584228516,0.0004925198494236723,1,balanced,0.1,linear,"{'C': 1, 'class_weight': 'balanced', 'gamma': 0.1, 'kernel': 'linear'}",0.7157894736842105,0.737864077669903,0.6363636363636365,0.7096774193548386,0.702127659574468,0.7003644533294113,0.03414702881178377,57,0.7044334975369457,0.7103825136612023,0.726790450928382,0.6991869918699187,0.7081081081081081,0.7097803124209114,0.009309249114084133
0.25780911445617677,0.22256885936470325,0.003000497817993164,0.0006336948579059431,35,balanced,0.1,linear,"{'C': 35, 'class_weight': 'balanced', 'gamma': 0.1, 'kernel': 'linear'}",0.7157894736842105,0.737864077669903,0.6363636363636365,0.7096774193548386,0.702127659574468,0.7003644533294113,0.03414702881178377,57,0.7044334975369457,0.7103825136612023,0.7349081364829395,0.6991869918699187,0.7046070460704607,0.7107036371242934,0.012610131643395767
0.18861145973205568,0.08709706230376348,0.0033967018127441405,0.0007867075914467428,20,balanced,0.1,linear,"{'C': 20, 'class_weight': 'balanced', 'gamma': 0.1, 'kernel': 'linear'}",0.7157894736842105,0.737864077669903,0.6363636363636365,0.7096774193548386,0.702127659574468,0.7003644533294113,0.03414702881178377,57,0.7044334975369457,0.7103825136612023,0.7349081364829395,0.6991869918699187,0.7046070460704607,0.7107036371242934,0.012610131643395767
0.07502555847167969,0.055215877552717216,0.003388214111328125,0.00048039833641457815,10,balanced,10,linear,"{'C': 10, 'class_weight': 'balanced', 'gamma': 10, 'kernel': 'linear'}",0.7157894736842105,0.737864077669903,0.6363636363636365,0.7096774193548386,0.702127659574468,0.7003644533294113,0.03414702881178377,57,0.7044334975369457,0.7103825136612023,0.733509234828496,0.6991869918699187,0.7046070460704607,0.7104238567934047,0.01207413112894111
0.23882074356079103,0.19931419713741655,0.0021943569183349608,0.00038650128145786014,35,balanced,10,linear,"{'C': 35, 'class_weight': 'balanced', 'gamma': 10, 'kernel': 'linear'}",0.7157894736842105,0.737864077669903,0.6363636363636365,0.7096774193548386,0.702127659574468,0.7003644533294113,0.03414702881178377,57,0.7044334975369457,0.7103825136612023,0.7349081364829395,0.6991869918699187,0.7046070460704607,0.7107036371242934,0.012610131643395767
0.24419755935668946,0.1937672852839933,0.0028005599975585937,0.00040094932903243774,35,balanced,100,linear,"{'C': 35, 'class_weight': 'balanced', 'gamma': 100, 'kernel': 'linear'}",0.7157894736842105,0.737864077669903,0.6363636363636365,0.7096774193548386,0.702127659574468,0.7003644533294113,0.03414702881178377,57,0.7044334975369457,0.7103825136612023,0.7349081364829395,0.6991869918699187,0.7046070460704607,0.7107036371242934,0.012610131643395767
0.2543935775756836,0.2145960400099094,0.0030242443084716798,0.0011396596081032968,35,balanced,scale,linear,"{'C': 35, 'class_weight': 'balanced', 'gamma': 'scale', 'kernel': 'linear'}",0.7157894736842105,0.737864077669903,0.6363636363636365,0.7096774193548386,0.702127659574468,0.7003644533294113,0.03414702881178377,57,0.7044334975369457,0.7103825136612023,0.7349081364829395,0.6991869918699187,0.7046070460704607,0.7107036371242934,0.012610131643395767
0.17060365676879882,0.0925210175641205,0.004014205932617187,0.0025561435967036005,20,balanced,1,linear,"{'C': 20, 'class_weight': 'balanced', 'gamma': 1, 'kernel': 'linear'}",0.7157894736842105,0.737864077669903,0.6363636363636365,0.7096774193548386,0.702127659574468,0.7003644533294113,0.03414702881178377,57,0.7044334975369457,0.7103825136612023,0.7349081364829395,0.6991869918699187,0.7046070460704607,0.7107036371242934,0.012610131643395767
0.1543961524963379,0.06980668927799753,0.0030127048492431642,0.0006375727465261281,20,balanced,10,linear,"{'C': 20, 'class_weight': 'balanced', 'gamma': 10, 'kernel': 'linear'}",0.7157894736842105,0.737864077669903,0.6363636363636365,0.7096774193548386,0.702127659574468,0.7003644533294113,0.03414702881178377,57,0.7044334975369457,0.7103825136612023,0.7349081364829395,0.6991869918699187,0.7046070460704607,0.7107036371242934,0.012610131643395767
0.2230297088623047,0.1247617327909258,0.004778528213500976,0.0009780441649295756,30,balanced,100,linear,"{'C': 30, 'class_weight': 'balanced', 'gamma': 100, 'kernel': 'linear'}",0.7157894736842105,0.737864077669903,0.6363636363636365,0.7096774193548386,0.702127659574468,0.7003644533294113,0.03414702881178377,57,0.7044334975369457,0.7103825136612023,0.7349081364829395,0.6991869918699187,0.7046070460704607,0.7107036371242934,0.012610131643395767
0.04601469039916992,0.03051447078881597,0.0023994922637939455,0.000488091395579681,5,balanced,scale,linear,"{'C': 5, 'class_weight': 'balanced', 'gamma': 'scale', 'kernel': 'linear'}",0.7157894736842105,0.737864077669903,0.6363636363636365,0.7096774193548386,0.702127659574468,0.7003644533294113,0.03414702881178377,57,0.7044334975369457,0.7103825136612023,0.733509234828496,0.6991869918699187,0.7046070460704607,0.7104238567934047,0.01207413112894111
0.1978158950805664,0.12192305834311756,0.0024001598358154297,0.00048755164230227665,30,balanced,10,linear,"{'C': 30, 'class_weight': 'balanced', 'gamma': 10, 'kernel': 'linear'}",0.7157894736842105,0.737864077669903,0.6363636363636365,0.7096774193548386,0.702127659574468,0.7003644533294113,0.03414702881178377,57,0.7044334975369457,0.7103825136612023,0.7349081364829395,0.6991869918699187,0.7046070460704607,0.7107036371242934,0.012610131643395767
0.22365169525146483,0.19518022808417165,0.003000640869140625,4.90933901833868e-07,25,balanced,0.1,linear,"{'C': 25, 'class_weight': 'balanced', 'gamma': 0.1, 'kernel': 'linear'}",0.7157894736842105,0.737864077669903,0.6363636363636365,0.7096774193548386,0.702127659574468,0.7003644533294113,0.03414702881178377,57,0.7044334975369457,0.7103825136612023,0.7349081364829395,0.6991869918699187,0.7046070460704607,0.7107036371242934,0.012610131643395767
0.2008333683013916,0.13020587573577755,0.0028010845184326173,0.00040062995947679766,30,balanced,1,linear,"{'C': 30, 'class_weight': 'balanced', 'gamma': 1, 'kernel': 'linear'}",0.7157894736842105,0.737864077669903,0.6363636363636365,0.7096774193548386,0.702127659574468,0.7003644533294113,0.03414702881178377,57,0.7044334975369457,0.7103825136612023,0.7349081364829395,0.6991869918699187,0.7046070460704607,0.7107036371242934,0.012610131643395767
0.19122896194458008,0.14698224049221315,0.0026003837585449217,0.0004938660802972472,25,balanced,1,linear,"{'C': 25, 'class_weight': 'balanced', 'gamma': 1, 'kernel': 'linear'}",0.7157894736842105,0.737864077669903,0.6363636363636365,0.7096774193548386,0.702127659574468,0.7003644533294113,0.03414702881178377,57,0.7044334975369457,0.7103825136612023,0.7349081364829395,0.6991869918699187,0.7046070460704607,0.7107036371242934,0.012610131643395767
0.04839897155761719,0.03138331882010548,0.003004932403564453,0.0006391382080621199,5,balanced,0.1,linear,"{'C': 5, 'class_weight': 'balanced', 'gamma': 0.1, 'kernel': 'linear'}",0.7157894736842105,0.737864077669903,0.6363636363636365,0.7096774193548386,0.702127659574468,0.7003644533294113,0.03414702881178377,57,0.7044334975369457,0.7103825136612023,0.733509234828496,0.6991869918699187,0.7046070460704607,0.7104238567934047,0.01207413112894111
0.18242430686950684,0.1372166293921235,0.0028207778930664064,0.0012071364332926044,25,balanced,10,linear,"{'C': 25, 'class_weight': 'balanced', 'gamma': 10, 'kernel': 'linear'}",0.7157894736842105,0.737864077669903,0.6363636363636365,0.7096774193548386,0.702127659574468,0.7003644533294113,0.03414702881178377,57,0.7044334975369457,0.7103825136612023,0.7349081364829395,0.6991869918699187,0.7046070460704607,0.7107036371242934,0.012610131643395767
0.1998079776763916,0.13263625688280667,0.0030103206634521486,0.0011126697649514467,30,balanced,0.1,linear,"{'C': 30, 'class_weight': 'balanced', 'gamma': 0.1, 'kernel': 'linear'}",0.7157894736842105,0.737864077669903,0.6363636363636365,0.7096774193548386,0.702127659574468,0.7003644533294113,0.03414702881178377,57,0.7044334975369457,0.7103825136612023,0.7349081364829395,0.6991869918699187,0.7046070460704607,0.7107036371242934,0.012610131643395767
0.20021848678588866,0.13810499816701702,0.004199695587158203,0.0015984377892396331,25,balanced,100,linear,"{'C': 25, 'class_weight': 'balanced', 'gamma': 100, 'kernel': 'linear'}",0.7157894736842105,0.737864077669903,0.6363636363636365,0.7096774193548386,0.702127659574468,0.7003644533294113,0.03414702881178377,57,0.7044334975369457,0.7103825136612023,0.7349081364829395,0.6991869918699187,0.7046070460704607,0.7107036371242934,0.012610131643395767
0.044028091430664065,0.02781682118491278,0.002801179885864258,0.000399471791383395,5,balanced,1,linear,"{'C': 5, 'class_weight': 'balanced', 'gamma': 1, 'kernel': 'linear'}",0.7157894736842105,0.737864077669903,0.6363636363636365,0.7096774193548386,0.702127659574468,0.7003644533294113,0.03414702881178377,57,0.7044334975369457,0.7103825136612023,0.733509234828496,0.6991869918699187,0.7046070460704607,0.7104238567934047,0.01207413112894111
0.19581036567687987,0.14482016035467857,0.002608919143676758,0.0004973354092391209,25,balanced,scale,linear,"{'C': 25, 'class_weight': 'balanced', 'gamma': 'scale', 'kernel': 'linear'}",0.7157894736842105,0.737864077669903,0.6363636363636365,0.7096774193548386,0.702127659574468,0.7003644533294113,0.03414702881178377,57,0.7044334975369457,0.7103825136612023,0.7349081364829395,0.6991869918699187,0.7046070460704607,0.7107036371242934,0.012610131643395767
0.04443225860595703,0.027920662652136323,0.0027929306030273437,0.00039152891448639745,5,balanced,100,linear,"{'C': 5, 'class_weight': 'balanced', 'gamma': 100, 'kernel': 'linear'}",0.7157894736842105,0.737864077669903,0.6363636363636365,0.7096774193548386,0.702127659574468,0.7003644533294113,0.03414702881178377,57,0.7044334975369457,0.7103825136612023,0.733509234828496,0.6991869918699187,0.7046070460704607,0.7104238567934047,0.01207413112894111
0.18320789337158203,0.14392990477453943,0.002603912353515625,0.0004920696465908462,25,balanced,auto,linear,"{'C': 25, 'class_weight': 'balanced', 'gamma': 'auto', 'kernel': 'linear'}",0.7157894736842105,0.737864077669903,0.6363636363636365,0.7096774193548386,0.702127659574468,0.7003644533294113,0.03414702881178377,57,0.7044334975369457,0.7103825136612023,0.7349081364829395,0.6991869918699187,0.7046070460704607,0.7107036371242934,0.012610131643395767
0.0458106517791748,0.02721245448822249,0.003199863433837891,0.000978246258031268,5,balanced,10,linear,"{'C': 5, 'class_weight': 'balanced', 'gamma': 10, 'kernel': 'linear'}",0.7157894736842105,0.737864077669903,0.6363636363636365,0.7096774193548386,0.702127659574468,0.7003644533294113,0.03414702881178377,57,0.7044334975369457,0.7103825136612023,0.733509234828496,0.6991869918699187,0.7046070460704607,0.7104238567934047,0.01207413112894111
0.19740867614746094,0.12623828245085472,0.002409505844116211,0.000500541381991963,30,balanced,scale,linear,"{'C': 30, 'class_weight': 'balanced', 'gamma': 'scale', 'kernel': 'linear'}",0.7157894736842105,0.737864077669903,0.6363636363636365,0.7096774193548386,0.702127659574468,0.7003644533294113,0.03414702881178377,57,0.7044334975369457,0.7103825136612023,0.7349081364829395,0.6991869918699187,0.7046070460704607,0.7107036371242934,0.012610131643395767
0.24741992950439454,0.22119436247191243,0.0022011280059814455,0.0004005197790647797,35,balanced,auto,linear,"{'C': 35, 'class_weight': 'balanced', 'gamma': 'auto', 'kernel': 'linear'}",0.7157894736842105,0.737864077669903,0.6363636363636365,0.7096774193548386,0.702127659574468,0.7003644533294113,0.03414702881178377,57,0.7044334975369457,0.7103825136612023,0.7349081364829395,0.6991869918699187,0.7046070460704607,0.7107036371242934,0.012610131643395767
0.24002490043640137,0.20415091360477972,0.0028049468994140623,0.00040302025554541195,35,balanced,1,linear,"{'C': 35, 'class_weight': 'balanced', 'gamma': 1, 'kernel': 'linear'}",0.7157894736842105,0.737864077669903,0.6363636363636365,0.7096774193548386,0.702127659574468,0.7003644533294113,0.03414702881178377,57,0.7044334975369457,0.7103825136612023,0.7349081364829395,0.6991869918699187,0.7046070460704607,0.7107036371242934,0.012610131643395767
0.12402915954589844,0.0723650145288933,0.002992534637451172,0.0010940712094794666,15,balanced,10,linear,"{'C': 15, 'class_weight': 'balanced', 'gamma': 10, 'kernel': 'linear'}",0.7157894736842105,0.737864077669903,0.6363636363636365,0.7096774193548386,0.702127659574468,0.7003644533294113,0.03414702881178377,57,0.7044334975369457,0.7103825136612023,0.7349081364829395,0.6991869918699187,0.7046070460704607,0.7107036371242934,0.012610131643395767
0.2918070316314697,0.1453610514176157,0.0028021812438964845,0.0003998520655634258,40,balanced,10,linear,"{'C': 40, 'class_weight': 'balanced', 'gamma': 10, 'kernel': 'linear'}",0.7157894736842105,0.737864077669903,0.6363636363636365,0.7096774193548386,0.702127659574468,0.7003644533294113,0.03414702881178377,57,0.7044334975369457,0.7103825136612023,0.7349081364829395,0.6991869918699187,0.7046070460704607,0.7107036371242934,0.012610131643395767
0.02019643783569336,0.005418692799708686,0.003003501892089844,3.2361754419245057e-06,1,balanced,100,linear,"{'C': 1, 'class_weight': 'balanced', 'gamma': 100, 'kernel': 'linear'}",0.7157894736842105,0.737864077669903,0.6363636363636365,0.7096774193548386,0.702127659574468,0.7003644533294113,0.03414702881178377,57,0.7044334975369457,0.7103825136612023,0.726790450928382,0.6991869918699187,0.7081081081081081,0.7097803124209114,0.009309249114084133
0.2976058483123779,0.15171808330528272,0.0030013084411621093,0.0006331651030347837,40,balanced,1,linear,"{'C': 40, 'class_weight': 'balanced', 'gamma': 1, 'kernel': 'linear'}",0.7157894736842105,0.737864077669903,0.6363636363636365,0.7096774193548386,0.702127659574468,0.7003644533294113,0.03414702881178377,57,0.7044334975369457,0.7103825136612023,0.7349081364829395,0.6991869918699187,0.7046070460704607,0.7107036371242934,0.012610131643395767
0.291005277633667,0.14514355832693646,0.0026007175445556642,0.000490602789569214,40,balanced,auto,linear,"{'C': 40, 'class_weight': 'balanced', 'gamma': 'auto', 'kernel': 'linear'}",0.7157894736842105,0.737864077669903,0.6363636363636365,0.7096774193548386,0.702127659574468,0.7003644533294113,0.03414702881178377,57,0.7044334975369457,0.7103825136612023,0.7349081364829395,0.6991869918699187,0.7046070460704607,0.7107036371242934,0.012610131643395767
0.020199394226074217,0.006241241881970626,0.004601955413818359,0.0013552128716947983,1,balanced,10,linear,"{'C': 1, 'class_weight': 'balanced', 'gamma': 10, 'kernel': 'linear'}",0.7157894736842105,0.737864077669903,0.6363636363636365,0.7096774193548386,0.702127659574468,0.7003644533294113,0.03414702881178377,57,0.7044334975369457,0.7103825136612023,0.726790450928382,0.6991869918699187,0.7081081081081081,0.7097803124209114,0.009309249114084133
0.15183959007263184,0.06310084137983604,0.003600597381591797,0.001743684882124391,15,balanced,0.1,linear,"{'C': 15, 'class_weight': 'balanced', 'gamma': 0.1, 'kernel': 'linear'}",0.7157894736842105,0.737864077669903,0.6363636363636365,0.7096774193548386,0.702127659574468,0.7003644533294113,0.03414702881178377,57,0.7044334975369457,0.7103825136612023,0.7349081364829395,0.6991869918699187,0.7046070460704607,0.7107036371242934,0.012610131643395767
0.30260910987854006,0.1476228655956343,0.0029915332794189452,0.0006323365332316126,40,balanced,0.1,linear,"{'C': 40, 'class_weight': 'balanced', 'gamma': 0.1, 'kernel': 'linear'}",0.7157894736842105,0.737864077669903,0.6363636363636365,0.7096774193548386,0.702127659574468,0.7003644533294113,0.03414702881178377,57,0.7044334975369457,0.7103825136612023,0.7349081364829395,0.6991869918699187,0.7046070460704607,0.7107036371242934,0.012610131643395767
0.1954033374786377,0.10487932794711174,0.008593368530273437,0.006885827536181475,15,balanced,1,linear,"{'C': 15, 'class_weight': 'balanced', 'gamma': 1, 'kernel': 'linear'}",0.7157894736842105,0.737864077669903,0.6363636363636365,0.7096774193548386,0.702127659574468,0.7003644533294113,0.03414702881178377,57,0.7044334975369457,0.7103825136612023,0.7349081364829395,0.6991869918699187,0.7046070460704607,0.7107036371242934,0.012610131643395767
0.01741647720336914,0.0070718850181330645,0.00340576171875,0.0008099325884882989,1,balanced,scale,linear,"{'C': 1, 'class_weight': 'balanced', 'gamma': 'scale', 'kernel': 'linear'}",0.7157894736842105,0.737864077669903,0.6363636363636365,0.7096774193548386,0.702127659574468,0.7003644533294113,0.03414702881178377,57,0.7044334975369457,0.7103825136612023,0.726790450928382,0.6991869918699187,0.7081081081081081,0.7097803124209114,0.009309249114084133
0.08099546432495117,0.06393658346280981,0.0029992103576660157,7.04138506738207e-06,10,balanced,0.1,linear,"{'C': 10, 'class_weight': 'balanced', 'gamma': 0.1, 'kernel': 'linear'}",0.7157894736842105,0.737864077669903,0.6363636363636365,0.7096774193548386,0.702127659574468,0.7003644533294113,0.03414702881178377,57,0.7044334975369457,0.7103825136612023,0.733509234828496,0.6991869918699187,0.7046070460704607,0.7104238567934047,0.01207413112894111
0.31122326850891113,0.1501508405665624,0.0029963016510009765,0.0006340815617572216,40,balanced,100,linear,"{'C': 40, 'class_weight': 'balanced', 'gamma': 100, 'kernel': 'linear'}",0.7157894736842105,0.737864077669903,0.6363636363636365,0.7096774193548386,0.702127659574468,0.7003644533294113,0.03414702881178377,57,0.7044334975369457,0.7103825136612023,0.7349081364829395,0.6991869918699187,0.7046070460704607,0.7107036371242934,0.012610131643395767
0.3004312038421631,0.15030791044272576,0.0026084423065185548,0.0004799757802654595,40,balanced,scale,linear,"{'C': 40, 'class_weight': 'balanced', 'gamma': 'scale', 'kernel': 'linear'}",0.7157894736842105,0.737864077669903,0.6363636363636365,0.7096774193548386,0.702127659574468,0.7003644533294113,0.03414702881178377,57,0.7044334975369457,0.7103825136612023,0.7349081364829395,0.6991869918699187,0.7046070460704607,0.7107036371242934,0.012610131643395767
0.07241878509521485,0.05008142457731917,0.0024024486541748048,0.0004852221352691262,10,balanced,scale,linear,"{'C': 10, 'class_weight': 'balanced', 'gamma': 'scale', 'kernel': 'linear'}",0.7157894736842105,0.737864077669903,0.6363636363636365,0.7096774193548386,0.702127659574468,0.7003644533294113,0.03414702881178377,57,0.7044334975369457,0.7103825136612023,0.733509234828496,0.6991869918699187,0.7046070460704607,0.7104238567934047,0.01207413112894111
0.07800502777099609,0.06359888267788338,0.002794504165649414,0.0003980984042037984,10,balanced,auto,linear,"{'C': 10, 'class_weight': 'balanced', 'gamma': 'auto', 'kernel': 'linear'}",0.7157894736842105,0.737864077669903,0.6363636363636365,0.7096774193548386,0.702127659574468,0.7003644533294113,0.03414702881178377,57,0.7044334975369457,0.7103825136612023,0.733509234828496,0.6991869918699187,0.7046070460704607,0.7104238567934047,0.01207413112894111
0.12281651496887207,0.06962963671913527,0.003013753890991211,2.0385332267603038e-05,15,balanced,100,linear,"{'C': 15, 'class_weight': 'balanced', 'gamma': 100, 'kernel': 'linear'}",0.7157894736842105,0.737864077669903,0.6363636363636365,0.7096774193548386,0.702127659574468,0.7003644533294113,0.03414702881178377,57,0.7044334975369457,0.7103825136612023,0.7349081364829395,0.6991869918699187,0.7046070460704607,0.7107036371242934,0.012610131643395767
0.019594907760620117,0.010366698891772294,0.0028049468994140623,0.00040213279133569953,1,balanced,auto,linear,"{'C': 1, 'class_weight': 'balanced', 'gamma': 'auto', 'kernel': 'linear'}",0.7157894736842105,0.737864077669903,0.6363636363636365,0.7096774193548386,0.702127659574468,0.7003644533294113,0.03414702881178377,57,0.7044334975369457,0.7103825136612023,0.726790450928382,0.6991869918699187,0.7081081081081081,0.7097803124209114,0.009309249114084133
0.12841243743896485,0.07376886829750713,0.003207111358642578,0.00039717674724800426,15,balanced,scale,linear,"{'C': 15, 'class_weight': 'balanced', 'gamma': 'scale', 'kernel': 'linear'}",0.7157894736842105,0.737864077669903,0.6363636363636365,0.7096774193548386,0.702127659574468,0.7003644533294113,0.03414702881178377,57,0.7044334975369457,0.7103825136612023,0.7349081364829395,0.6991869918699187,0.7046070460704607,0.7107036371242934,0.012610131643395767
0.08419914245605468,0.05861110423455387,0.003019428253173828,0.0006331736317556439,10,balanced,100,linear,"{'C': 10, 'class_weight': 'balanced', 'gamma': 100, 'kernel': 'linear'}",0.7157894736842105,0.737864077669903,0.6363636363636365,0.7096774193548386,0.702127659574468,0.7003644533294113,0.03414702881178377,57,0.7044334975369457,0.7103825136612023,0.733509234828496,0.6991869918699187,0.7046070460704607,0.7104238567934047,0.01207413112894111
0.07180199623107911,0.05128361106337142,0.0024103641510009764,0.000482345484724853,10,balanced,1,linear,"{'C': 10, 'class_weight': 'balanced', 'gamma': 1, 'kernel': 'linear'}",0.7157894736842105,0.737864077669903,0.6363636363636365,0.7096774193548386,0.702127659574468,0.7003644533294113,0.03414702881178377,57,0.7044334975369457,0.7103825136612023,0.733509234828496,0.6991869918699187,0.7046070460704607,0.7104238567934047,0.01207413112894111
0.15979642868041993,0.07065361401997061,0.005201578140258789,0.0018340115713059632,15,balanced,auto,linear,"{'C': 15, 'class_weight': 'balanced', 'gamma': 'auto', 'kernel': 'linear'}",0.7157894736842105,0.737864077669903,0.6363636363636365,0.7096774193548386,0.702127659574468,0.7003644533294113,0.03414702881178377,57,0.7044334975369457,0.7103825136612023,0.7349081364829395,0.6991869918699187,0.7046070460704607,0.7107036371242934,0.012610131643395767
0.02599329948425293,0.008067117626879377,0.004000949859619141,0.0012644801926302367,1,balanced,1,linear,"{'C': 1, 'class_weight': 'balanced', 'gamma': 1, 'kernel': 'linear'}",0.7157894736842105,0.737864077669903,0.6363636363636365,0.7096774193548386,0.702127659574468,0.7003644533294113,0.03414702881178377,57,0.7044334975369457,0.7103825136612023,0.726790450928382,0.6991869918699187,0.7081081081081081,0.7097803124209114,0.009309249114084133
0.20520215034484862,0.12800199917747632,0.002399158477783203,0.0004921672458894858,25,,scale,linear,"{'C': 25, 'class_weight': None, 'gamma': 'scale', 'kernel': 'linear'}",0.744186046511628,0.7326732673267327,0.6206896551724138,0.6956521739130435,0.702127659574468,0.6990657604996572,0.04319524605909719,111,0.6916890080428955,0.6963788300835655,0.7184986595174263,0.711484593837535,0.7049180327868853,0.7045938248536616,0.009746308747334538
0.22141566276550292,0.14876467398210266,0.0030020713806152345,0.0006340751967984546,25,,auto,linear,"{'C': 25, 'class_weight': None, 'gamma': 'auto', 'kernel': 'linear'}",0.744186046511628,0.7326732673267327,0.6206896551724138,0.6956521739130435,0.702127659574468,0.6990657604996572,0.04319524605909719,111,0.6916890080428955,0.6963788300835655,0.7184986595174263,0.711484593837535,0.7049180327868853,0.7045938248536616,0.009746308747334538
0.6266189098358155,0.7212406920666506,0.0024000167846679687,0.0004888385055256664,40,,100,linear,"{'C': 40, 'class_weight': None, 'gamma': 100, 'kernel': 'linear'}",0.744186046511628,0.7326732673267327,0.6206896551724138,0.6956521739130435,0.702127659574468,0.6990657604996572,0.04319524605909719,111,0.6916890080428955,0.6963788300835655,0.7184986595174263,0.711484593837535,0.7049180327868853,0.7045938248536616,0.009746308747334538
0.724411916732788,0.8804617402695323,0.0033997058868408202,0.0010208758674629958,40,,1,linear,"{'C': 40, 'class_weight': None, 'gamma': 1, 'kernel': 'linear'}",0.744186046511628,0.7326732673267327,0.6206896551724138,0.6956521739130435,0.702127659574468,0.6990657604996572,0.04319524605909719,111,0.6916890080428955,0.6963788300835655,0.7184986595174263,0.711484593837535,0.7049180327868853,0.7045938248536616,0.009746308747334538
0.6102116584777832,0.7073002178539598,0.003597879409790039,0.0012018136099355792,40,,10,linear,"{'C': 40, 'class_weight': None, 'gamma': 10, 'kernel': 'linear'}",0.744186046511628,0.7326732673267327,0.6206896551724138,0.6956521739130435,0.702127659574468,0.6990657604996572,0.04319524605909719,111,0.6916890080428955,0.6963788300835655,0.7184986595174263,0.711484593837535,0.7049180327868853,0.7045938248536616,0.009746308747334538
0.6048144817352294,0.7261931069004129,0.00260162353515625,0.0004904679187229344,40,,scale,linear,"{'C': 40, 'class_weight': None, 'gamma': 'scale', 'kernel': 'linear'}",0.744186046511628,0.7326732673267327,0.6206896551724138,0.6956521739130435,0.702127659574468,0.6990657604996572,0.04319524605909719,111,0.6916890080428955,0.6963788300835655,0.7184986595174263,0.711484593837535,0.7049180327868853,0.7045938248536616,0.009746308747334538
0.588017463684082,0.7071347123305259,0.002399921417236328,0.0004911507679843468,40,,0.1,linear,"{'C': 40, 'class_weight': None, 'gamma': 0.1, 'kernel': 'linear'}",0.744186046511628,0.7326732673267327,0.6206896551724138,0.6956521739130435,0.702127659574468,0.6990657604996572,0.04319524605909719,111,0.6916890080428955,0.6963788300835655,0.7184986595174263,0.711484593837535,0.7049180327868853,0.7045938248536616,0.009746308747334538
0.015216207504272461,0.002401212157195642,0.0029891490936279296,0.0006338631623317093,1,,1,linear,"{'C': 1, 'class_weight': None, 'gamma': 1, 'kernel': 'linear'}",0.744186046511628,0.7326732673267327,0.6206896551724138,0.6956521739130435,0.702127659574468,0.6990657604996572,0.04319524605909719,111,0.6916890080428955,0.6963788300835655,0.7184986595174263,0.7032967032967034,0.7013698630136985,0.7022466127908579,0.00907628001946808
0.16000123023986818,0.04870037888131905,0.0028038978576660155,0.0004019472683654617,30,,0.1,linear,"{'C': 30, 'class_weight': None, 'gamma': 0.1, 'kernel': 'linear'}",0.744186046511628,0.7326732673267327,0.6206896551724138,0.6956521739130435,0.702127659574468,0.6990657604996572,0.04319524605909719,111,0.6916890080428955,0.6963788300835655,0.7184986595174263,0.711484593837535,0.7049180327868853,0.7045938248536616,0.009746308747334538
0.015815544128417968,0.002766352324838101,0.003214740753173828,0.000406440469856198,1,,scale,linear,"{'C': 1, 'class_weight': None, 'gamma': 'scale', 'kernel': 'linear'}",0.744186046511628,0.7326732673267327,0.6206896551724138,0.6956521739130435,0.702127659574468,0.6990657604996572,0.04319524605909719,111,0.6916890080428955,0.6963788300835655,0.7184986595174263,0.7032967032967034,0.7013698630136985,0.7022466127908579,0.00907628001946808
0.016590690612792967,0.001965016866088127,0.0030012130737304688,0.0006327127797580245,1,,0.1,linear,"{'C': 1, 'class_weight': None, 'gamma': 0.1, 'kernel': 'linear'}",0.744186046511628,0.7326732673267327,0.6206896551724138,0.6956521739130435,0.702127659574468,0.6990657604996572,0.04319524605909719,111,0.6916890080428955,0.6963788300835655,0.7184986595174263,0.7032967032967034,0.7013698630136985,0.7022466127908579,0.00907628001946808
0.5808245182037354,0.4882297131372468,0.003599882125854492,0.0008019289768679509,35,,1,linear,"{'C': 35, 'class_weight': None, 'gamma': 1, 'kernel': 'linear'}",0.744186046511628,0.7326732673267327,0.6206896551724138,0.6956521739130435,0.702127659574468,0.6990657604996572,0.04319524605909719,111,0.6916890080428955,0.6963788300835655,0.7184986595174263,0.711484593837535,0.7049180327868853,0.7045938248536616,0.009746308747334538
0.6120216846466064,0.5042038511401349,0.002793025970458984,0.00039676385845883826,35,,10,linear,"{'C': 35, 'class_weight': None, 'gamma': 10, 'kernel': 'linear'}",0.744186046511628,0.7326732673267327,0.6206896551724138,0.6956521739130435,0.702127659574468,0.6990657604996572,0.04319524605909719,111,0.6916890080428955,0.6963788300835655,0.7184986595174263,0.711484593837535,0.7049180327868853,0.7045938248536616,0.009746308747334538
0.726817274093628,0.6051398290373069,0.0034053802490234377,0.0004947808904322979,35,,100,linear,"{'C': 35, 'class_weight': None, 'gamma': 100, 'kernel': 'linear'}",0.744186046511628,0.7326732673267327,0.6206896551724138,0.6956521739130435,0.702127659574468,0.6990657604996572,0.04319524605909719,111,0.6916890080428955,0.6963788300835655,0.7184986595174263,0.711484593837535,0.7049180327868853,0.7045938248536616,0.009746308747334538
0.5974077701568603,0.4986760265043874,0.003020954132080078,0.0006385539197818781,35,,scale,linear,"{'C': 35, 'class_weight': None, 'gamma': 'scale', 'kernel': 'linear'}",0.744186046511628,0.7326732673267327,0.6206896551724138,0.6956521739130435,0.702127659574468,0.6990657604996572,0.04319524605909719,111,0.6916890080428955,0.6963788300835655,0.7184986595174263,0.711484593837535,0.7049180327868853,0.7045938248536616,0.009746308747334538
0.014830207824707032,0.002137419062354675,0.002996683120727539,0.0006325965150877096,1,,10,linear,"{'C': 1, 'class_weight': None, 'gamma': 10, 'kernel': 'linear'}",0.744186046511628,0.7326732673267327,0.6206896551724138,0.6956521739130435,0.702127659574468,0.6990657604996572,0.04319524605909719,111,0.6916890080428955,0.6963788300835655,0.7184986595174263,0.7032967032967034,0.7013698630136985,0.7022466127908579,0.00907628001946808
0.016023778915405275,0.00243819128264323,0.0026010513305664063,0.0004887340958452362,1,,auto,linear,"{'C': 1, 'class_weight': None, 'gamma': 'auto', 'kernel': 'linear'}",0.744186046511628,0.7326732673267327,0.6206896551724138,0.6956521739130435,0.702127659574468,0.6990657604996572,0.04319524605909719,111,0.6916890080428955,0.6963788300835655,0.7184986595174263,0.7032967032967034,0.7013698630136985,0.7022466127908579,0.00907628001946808
0.15781564712524415,0.04963215334560068,0.003197193145751953,0.0009802210067389472,30,,auto,linear,"{'C': 30, 'class_weight': None, 'gamma': 'auto', 'kernel': 'linear'}",0.744186046511628,0.7326732673267327,0.6206896551724138,0.6956521739130435,0.702127659574468,0.6990657604996572,0.04319524605909719,111,0.6916890080428955,0.6963788300835655,0.7184986595174263,0.711484593837535,0.7049180327868853,0.7045938248536616,0.009746308747334538
0.019003868103027344,0.0028288700083281466,0.003794240951538086,0.0007522267719232829,1,,100,linear,"{'C': 1, 'class_weight': None, 'gamma': 100, 'kernel': 'linear'}",0.744186046511628,0.7326732673267327,0.6206896551724138,0.6956521739130435,0.702127659574468,0.6990657604996572,0.04319524605909719,111,0.6916890080428955,0.6963788300835655,0.7184986595174263,0.7032967032967034,0.7013698630136985,0.7022466127908579,0.00907628001946808
0.1592094898223877,0.05346525432251723,0.002601909637451172,0.0004904079827642332,30,,scale,linear,"{'C': 30, 'class_weight': None, 'gamma': 'scale', 'kernel': 'linear'}",0.744186046511628,0.7326732673267327,0.6206896551724138,0.6956521739130435,0.702127659574468,0.6990657604996572,0.04319524605909719,111,0.6916890080428955,0.6963788300835655,0.7184986595174263,0.711484593837535,0.7049180327868853,0.7045938248536616,0.009746308747334538
0.15280933380126954,0.04243923164520652,0.0026012420654296874,0.0004895731154894134,30,,100,linear,"{'C': 30, 'class_weight': None, 'gamma': 100, 'kernel': 'linear'}",0.744186046511628,0.7326732673267327,0.6206896551724138,0.6956521739130435,0.702127659574468,0.6990657604996572,0.04319524605909719,111,0.6916890080428955,0.6963788300835655,0.7184986595174263,0.711484593837535,0.7049180327868853,0.7045938248536616,0.009746308747334538
0.15283360481262206,0.04080779681123477,0.0025599002838134766,0.00046304730590813206,30,,10,linear,"{'C': 30, 'class_weight': None, 'gamma': 10, 'kernel': 'linear'}",0.744186046511628,0.7326732673267327,0.6206896551724138,0.6956521739130435,0.702127659574468,0.6990657604996572,0.04319524605909719,111,0.6916890080428955,0.6963788300835655,0.7184986595174263,0.711484593837535,0.7049180327868853,0.7045938248536616,0.009746308747334538
0.18881258964538575,0.05149891925152408,0.0037960052490234376,0.0019390259756106513,30,,1,linear,"{'C': 30, 'class_weight': None, 'gamma': 1, 'kernel': 'linear'}",0.744186046511628,0.7326732673267327,0.6206896551724138,0.6956521739130435,0.702127659574468,0.6990657604996572,0.04319524605909719,111,0.6916890080428955,0.6963788300835655,0.7184986595174263,0.711484593837535,0.7049180327868853,0.7045938248536616,0.009746308747334538
0.5434124946594239,0.4527444008262852,0.0035943984985351562,0.001205092720994468,35,,0.1,linear,"{'C': 35, 'class_weight': None, 'gamma': 0.1, 'kernel': 'linear'}",0.744186046511628,0.7326732673267327,0.6206896551724138,0.6956521739130435,0.702127659574468,0.6990657604996572,0.04319524605909719,111,0.6916890080428955,0.6963788300835655,0.7184986595174263,0.711484593837535,0.7049180327868853,0.7045938248536616,0.009746308747334538
0.5422140598297119,0.4514641889102928,0.00279693603515625,0.0003982634436010467,35,,auto,linear,"{'C': 35, 'class_weight': None, 'gamma': 'auto', 'kernel': 'linear'}",0.744186046511628,0.7326732673267327,0.6206896551724138,0.6956521739130435,0.702127659574468,0.6990657604996572,0.04319524605909719,111,0.6916890080428955,0.6963788300835655,0.7184986595174263,0.711484593837535,0.7049180327868853,0.7045938248536616,0.009746308747334538
0.21642560958862306,0.1388189363362437,0.003196430206298828,0.00039007760997268793,25,,100,linear,"{'C': 25, 'class_weight': None, 'gamma': 100, 'kernel': 'linear'}",0.744186046511628,0.7326732673267327,0.6206896551724138,0.6956521739130435,0.702127659574468,0.6990657604996572,0.04319524605909719,111,0.6916890080428955,0.6963788300835655,0.7184986595174263,0.711484593837535,0.7049180327868853,0.7045938248536616,0.009746308747334538
0.29279189109802245,0.16784543727348555,0.005000257492065429,0.0010949742246607593,25,,1,linear,"{'C': 25, 'class_weight': None, 'gamma': 1, 'kernel': 'linear'}",0.744186046511628,0.7326732673267327,0.6206896551724138,0.6956521739130435,0.702127659574468,0.6990657604996572,0.04319524605909719,111,0.6916890080428955,0.6963788300835655,0.7184986595174263,0.711484593837535,0.7049180327868853,0.7045938248536616,0.009746308747334538
0.04520959854125976,0.004545220029581748,0.003425741195678711,0.0008195564300893391,5,,auto,linear,"{'C': 5, 'class_weight': None, 'gamma': 'auto', 'kernel': 'linear'}",0.744186046511628,0.7326732673267327,0.6206896551724138,0.6956521739130435,0.702127659574468,0.6990657604996572,0.04319524605909719,111,0.6916890080428955,0.6963788300835655,0.7184986595174263,0.711484593837535,0.7049180327868853,0.7045938248536616,0.009746308747334538
0.14081940650939942,0.051519755692216465,0.002800178527832031,0.00040278515195263826,20,,1,linear,"{'C': 20, 'class_weight': None, 'gamma': 1, 'kernel': 'linear'}",0.744186046511628,0.7326732673267327,0.6206896551724138,0.6956521739130435,0.702127659574468,0.6990657604996572,0.04319524605909719,111,0.6916890080428955,0.6963788300835655,0.7184986595174263,0.711484593837535,0.7049180327868853,0.7045938248536616,0.009746308747334538
0.14880800247192383,0.04285062251598859,0.002802419662475586,0.0007407415994797507,20,,0.1,linear,"{'C': 20, 'class_weight': None, 'gamma': 0.1, 'kernel': 'linear'}",0.744186046511628,0.7326732673267327,0.6206896551724138,0.6956521739130435,0.702127659574468,0.6990657604996572,0.04319524605909719,111,0.6916890080428955,0.6963788300835655,0.7184986595174263,0.711484593837535,0.7049180327868853,0.7045938248536616,0.009746308747334538
0.5746138095855713,0.6771827454618811,0.0024002552032470702,0.0004886368996709728,40,,auto,linear,"{'C': 40, 'class_weight': None, 'gamma': 'auto', 'kernel': 'linear'}",0.744186046511628,0.7326732673267327,0.6206896551724138,0.6956521739130435,0.702127659574468,0.6990657604996572,0.04319524605909719,111,0.6916890080428955,0.6963788300835655,0.7184986595174263,0.711484593837535,0.7049180327868853,0.7045938248536616,0.009746308747334538
0.0848154067993164,0.020824981156884522,0.0031963348388671874,0.0011547479974959795,10,,auto,linear,"{'C': 10, 'class_weight': None, 'gamma': 'auto', 'kernel': 'linear'}",0.744186046511628,0.7326732673267327,0.6206896551724138,0.6956521739130435,0.702127659574468,0.6990657604996572,0.04319524605909719,111,0.6916890080428955,0.6963788300835655,0.7184986595174263,0.711484593837535,0.7049180327868853,0.7045938248536616,0.009746308747334538
0.041612863540649414,0.0055587023090774524,0.0028004169464111326,0.00039849670732801715,5,,0.1,linear,"{'C': 5, 'class_weight': None, 'gamma': 0.1, 'kernel': 'linear'}",0.744186046511628,0.7326732673267327,0.6206896551724138,0.6956521739130435,0.702127659574468,0.6990657604996572,0.04319524605909719,111,0.6916890080428955,0.6963788300835655,0.7184986595174263,0.711484593837535,0.7049180327868853,0.7045938248536616,0.009746308747334538
0.0450103759765625,0.007442039757085273,0.002400493621826172,0.0004899018465690916,5,,1,linear,"{'C': 5, 'class_weight': None, 'gamma': 1, 'kernel': 'linear'}",0.744186046511628,0.7326732673267327,0.6206896551724138,0.6956521739130435,0.702127659574468,0.6990657604996572,0.04319524605909719,111,0.6916890080428955,0.6963788300835655,0.7184986595174263,0.711484593837535,0.7049180327868853,0.7045938248536616,0.009746308747334538
0.14719901084899903,0.0475527597403141,0.0056000232696533205,0.003500767138990205,15,,auto,linear,"{'C': 15, 'class_weight': None, 'gamma': 'auto', 'kernel': 'linear'}",0.744186046511628,0.7326732673267327,0.6206896551724138,0.6956521739130435,0.702127659574468,0.6990657604996572,0.04319524605909719,111,0.6916890080428955,0.6963788300835655,0.7184986595174263,0.711484593837535,0.7049180327868853,0.7045938248536616,0.009746308747334538
0.04201040267944336,0.003903414795256825,0.0030107975006103517,0.0006199413313561048,5,,scale,linear,"{'C': 5, 'class_weight': None, 'gamma': 'scale', 'kernel': 'linear'}",0.744186046511628,0.7326732673267327,0.6206896551724138,0.6956521739130435,0.702127659574468,0.6990657604996572,0.04319524605909719,111,0.6916890080428955,0.6963788300835655,0.7184986595174263,0.711484593837535,0.7049180327868853,0.7045938248536616,0.009746308747334538
0.150999116897583,0.0387630567210198,0.006400680541992188,0.001860387017588115,15,,scale,linear,"{'C': 15, 'class_weight': None, 'gamma': 'scale', 'kernel': 'linear'}",0.744186046511628,0.7326732673267327,0.6206896551724138,0.6956521739130435,0.702127659574468,0.6990657604996572,0.04319524605909719,111,0.6916890080428955,0.6963788300835655,0.7184986595174263,0.711484593837535,0.7049180327868853,0.7045938248536616,0.009746308747334538
0.23622555732727052,0.16143208787931326,0.0025920867919921875,0.00048371140224822204,25,,10,linear,"{'C': 25, 'class_weight': None, 'gamma': 10, 'kernel': 'linear'}",0.744186046511628,0.7326732673267327,0.6206896551724138,0.6956521739130435,0.702127659574468,0.6990657604996572,0.04319524605909719,111,0.6916890080428955,0.6963788300835655,0.7184986595174263,0.711484593837535,0.7049180327868853,0.7045938248536616,0.009746308747334538
0.1250149726867676,0.028047982081644524,0.0029999256134033204,0.0006306762180888572,15,,100,linear,"{'C': 15, 'class_weight': None, 'gamma': 100, 'kernel': 'linear'}",0.744186046511628,0.7326732673267327,0.6206896551724138,0.6956521739130435,0.702127659574468,0.6990657604996572,0.04319524605909719,111,0.6916890080428955,0.6963788300835655,0.7184986595174263,0.711484593837535,0.7049180327868853,0.7045938248536616,0.009746308747334538
0.10060725212097169,0.019890973391033517,0.0026079654693603516,0.0004976741584807483,15,,10,linear,"{'C': 15, 'class_weight': None, 'gamma': 10, 'kernel': 'linear'}",0.744186046511628,0.7326732673267327,0.6206896551724138,0.6956521739130435,0.702127659574468,0.6990657604996572,0.04319524605909719,111,0.6916890080428955,0.6963788300835655,0.7184986595174263,0.711484593837535,0.7049180327868853,0.7045938248536616,0.009746308747334538
0.1135106086730957,0.027475303836795466,0.0037847042083740236,0.0011884474557250062,15,,1,linear,"{'C': 15, 'class_weight': None, 'gamma': 1, 'kernel': 'linear'}",0.744186046511628,0.7326732673267327,0.6206896551724138,0.6956521739130435,0.702127659574468,0.6990657604996572,0.04319524605909719,111,0.6916890080428955,0.6963788300835655,0.7184986595174263,0.711484593837535,0.7049180327868853,0.7045938248536616,0.009746308747334538
0.04741621017456055,0.00809759986974184,0.004199028015136719,0.0019367394142221631,5,,10,linear,"{'C': 5, 'class_weight': None, 'gamma': 10, 'kernel': 'linear'}",0.744186046511628,0.7326732673267327,0.6206896551724138,0.6956521739130435,0.702127659574468,0.6990657604996572,0.04319524605909719,111,0.6916890080428955,0.6963788300835655,0.7184986595174263,0.711484593837535,0.7049180327868853,0.7045938248536616,0.009746308747334538
0.12459845542907715,0.030504678487413388,0.0034104347229003905,0.0011886338938451658,15,,0.1,linear,"{'C': 15, 'class_weight': None, 'gamma': 0.1, 'kernel': 'linear'}",0.744186046511628,0.7326732673267327,0.6206896551724138,0.6956521739130435,0.702127659574468,0.6990657604996572,0.04319524605909719,111,0.6916890080428955,0.6963788300835655,0.7184986595174263,0.711484593837535,0.7049180327868853,0.7045938248536616,0.009746308747334538
0.07582459449768067,0.017895433530158922,0.002999114990234375,0.0006322163655621404,10,,scale,linear,"{'C': 10, 'class_weight': None, 'gamma': 'scale', 'kernel': 'linear'}",0.744186046511628,0.7326732673267327,0.6206896551724138,0.6956521739130435,0.702127659574468,0.6990657604996572,0.04319524605909719,111,0.6916890080428955,0.6963788300835655,0.7184986595174263,0.711484593837535,0.7049180327868853,0.7045938248536616,0.009746308747334538
0.14261240959167482,0.05153690065552666,0.0026043415069580077,0.0004935067076117038,20,,10,linear,"{'C': 20, 'class_weight': None, 'gamma': 10, 'kernel': 'linear'}",0.744186046511628,0.7326732673267327,0.6206896551724138,0.6956521739130435,0.702127659574468,0.6990657604996572,0.04319524605909719,111,0.6916890080428955,0.6963788300835655,0.7184986595174263,0.711484593837535,0.7049180327868853,0.7045938248536616,0.009746308747334538
0.041006278991699216,0.0038017123638273646,0.003007793426513672,1.3282803815344499e-05,5,,100,linear,"{'C': 5, 'class_weight': None, 'gamma': 100, 'kernel': 'linear'}",0.744186046511628,0.7326732673267327,0.6206896551724138,0.6956521739130435,0.702127659574468,0.6990657604996572,0.04319524605909719,111,0.6916890080428955,0.6963788300835655,0.7184986595174263,0.711484593837535,0.7049180327868853,0.7045938248536616,0.009746308747334538
0.06861157417297363,0.013052185209828059,0.0032022953033447265,0.0014740800767386083,10,,0.1,linear,"{'C': 10, 'class_weight': None, 'gamma': 0.1, 'kernel': 'linear'}",0.744186046511628,0.7326732673267327,0.6206896551724138,0.6956521739130435,0.702127659574468,0.6990657604996572,0.04319524605909719,111,0.6916890080428955,0.6963788300835655,0.7184986595174263,0.711484593837535,0.7049180327868853,0.7045938248536616,0.009746308747334538
0.13962225914001464,0.04856573379388507,0.002209186553955078,0.00039632976648519525,20,,100,linear,"{'C': 20, 'class_weight': None, 'gamma': 100, 'kernel': 'linear'}",0.744186046511628,0.7326732673267327,0.6206896551724138,0.6956521739130435,0.702127659574468,0.6990657604996572,0.04319524605909719,111,0.6916890080428955,0.6963788300835655,0.7184986595174263,0.711484593837535,0.7049180327868853,0.7045938248536616,0.009746308747334538
0.07463312149047852,0.019892541003407666,0.0028010845184326173,0.0003995424950796339,10,,100,linear,"{'C': 10, 'class_weight': None, 'gamma': 100, 'kernel': 'linear'}",0.744186046511628,0.7326732673267327,0.6206896551724138,0.6956521739130435,0.702127659574468,0.6990657604996572,0.04319524605909719,111,0.6916890080428955,0.6963788300835655,0.7184986595174263,0.711484593837535,0.7049180327868853,0.7045938248536616,0.009746308747334538
0.07401852607727051,0.018340585872535117,0.00298919677734375,0.0008813781800896981,10,,10,linear,"{'C': 10, 'class_weight': None, 'gamma': 10, 'kernel': 'linear'}",0.744186046511628,0.7326732673267327,0.6206896551724138,0.6956521739130435,0.702127659574468,0.6990657604996572,0.04319524605909719,111,0.6916890080428955,0.6963788300835655,0.7184986595174263,0.711484593837535,0.7049180327868853,0.7045938248536616,0.009746308747334538
0.1574247360229492,0.06443932141417365,0.00399322509765625,0.0022840262871709166,20,,auto,linear,"{'C': 20, 'class_weight': None, 'gamma': 'auto', 'kernel': 'linear'}",0.744186046511628,0.7326732673267327,0.6206896551724138,0.6956521739130435,0.702127659574468,0.6990657604996572,0.04319524605909719,111,0.6916890080428955,0.6963788300835655,0.7184986595174263,0.711484593837535,0.7049180327868853,0.7045938248536616,0.009746308747334538
0.15621843338012695,0.05000840788059416,0.002787017822265625,0.0007327772839085805,20,,scale,linear,"{'C': 20, 'class_weight': None, 'gamma': 'scale', 'kernel': 'linear'}",0.744186046511628,0.7326732673267327,0.6206896551724138,0.6956521739130435,0.702127659574468,0.6990657604996572,0.04319524605909719,111,0.6916890080428955,0.6963788300835655,0.7184986595174263,0.711484593837535,0.7049180327868853,0.7045938248536616,0.009746308747334538
0.0680056095123291,0.015393852575160951,0.0026065826416015623,0.0004942728792772097,10,,1,linear,"{'C': 10, 'class_weight': None, 'gamma': 1, 'kernel': 'linear'}",0.744186046511628,0.7326732673267327,0.6206896551724138,0.6956521739130435,0.702127659574468,0.6990657604996572,0.04319524605909719,111,0.6916890080428955,0.6963788300835655,0.7184986595174263,0.711484593837535,0.7049180327868853,0.7045938248536616,0.009746308747334538
0.2712089061737061,0.16259182621226612,0.004408597946166992,0.001490256127455776,25,,0.1,linear,"{'C': 25, 'class_weight': None, 'gamma': 0.1, 'kernel': 'linear'}",0.744186046511628,0.7326732673267327,0.6206896551724138,0.6956521739130435,0.702127659574468,0.6990657604996572,0.04319524605909719,111,0.6916890080428955,0.6963788300835655,0.7184986595174263,0.711484593837535,0.7049180327868853,0.7045938248536616,0.009746308747334538
0.014614582061767578,0.0013554751154728616,0.006606435775756836,0.0007958077691685077,5,,1,rbf,"{'C': 5, 'class_weight': None, 'gamma': 1, 'kernel': 'rbf'}",0.7216494845360826,0.75,0.611764705882353,0.6739130434782609,0.7010309278350516,0.6916716323463497,0.04709341967324542,165,0.8802228412256268,0.8815426997245178,0.8907103825136613,0.8864864864864865,0.8839779005524863,0.8845880621005557,0.0037360006636206924
0.018809986114501954,0.003185604234483359,0.007396602630615234,0.0010271599750740741,15,,1,rbf,"{'C': 15, 'class_weight': None, 'gamma': 1, 'kernel': 'rbf'}",0.7368421052631579,0.7307692307692307,0.5977011494252873,0.6666666666666666,0.6736842105263158,0.6811326725301317,0.050582393713064465,166,0.8925619834710744,0.8997289972899729,0.9129287598944591,0.900804289544236,0.8991825613079019,0.9010413183015288,0.006609746340409716
0.017083740234375,0.0010357866101953972,0.007335805892944336,0.0010972966137454453,10,balanced,1,rbf,"{'C': 10, 'class_weight': 'balanced', 'gamma': 1, 'kernel': 'rbf'}",0.7216494845360826,0.7238095238095237,0.5909090909090908,0.673469387755102,0.6868686868686869,0.6793412347756973,0.0483297049829042,167,0.8911917098445595,0.8963730569948186,0.9081632653061226,0.9033942558746737,0.9013333333333334,0.9000911242707016,0.005841863128153355
0.01641850471496582,0.001613594534393706,0.0066092491149902345,0.001021429897045963,10,,1,rbf,"{'C': 10, 'class_weight': None, 'gamma': 1, 'kernel': 'rbf'}",0.723404255319149,0.737864077669903,0.5977011494252873,0.6526315789473683,0.6736842105263158,0.6770570543776046,0.05049930037777847,168,0.8864265927977839,0.8907103825136613,0.9018567639257294,0.9037433155080214,0.8925619834710744,0.8950598076432541,0.006652682867301926
0.015228939056396485,0.002310412520991617,0.0066108226776123045,0.0010317989852398992,5,balanced,1,rbf,"{'C': 5, 'class_weight': 'balanced', 'gamma': 1, 'kernel': 'rbf'}",0.712871287128713,0.7102803738317757,0.5909090909090908,0.6666666666666667,0.6938775510204083,0.674920993911331,0.045113180613636936,169,0.8848167539267016,0.8802083333333334,0.8917525773195877,0.8952879581151834,0.8847184986595175,0.8873568242708647,0.00541736413748623
0.023409509658813478,0.004404747925643829,0.006404876708984375,0.000495760693253973,20,,1,rbf,"{'C': 20, 'class_weight': None, 'gamma': 1, 'kernel': 'rbf'}",0.7157894736842105,0.7238095238095237,0.5977011494252873,0.6666666666666666,0.6666666666666667,0.674126696050471,0.04506958767964646,170,0.8925619834710744,0.8943089430894309,0.9129287598944591,0.9032258064516129,0.904632152588556,0.9015315290990268,0.0074161959118349535
0.021410751342773437,0.00496646838861601,0.006805133819580078,0.0004025096364076422,20,balanced,1,rbf,"{'C': 20, 'class_weight': 'balanced', 'gamma': 1, 'kernel': 'rbf'}",0.7216494845360826,0.7102803738317757,0.5842696629213483,0.673469387755102,0.6736842105263158,0.6726706239141249,0.04822824351484068,171,0.900523560209424,0.9048843187660669,0.9128205128205129,0.9033942558746737,0.9120000000000001,0.9067245295341355,0.004856350888225358
0.024408721923828126,0.004787904884476045,0.009189224243164063,0.002651668707803862,15,balanced,1,rbf,"{'C': 15, 'class_weight': 'balanced', 'gamma': 1, 'kernel': 'rbf'}",0.7142857142857142,0.7169811320754716,0.5909090909090908,0.673469387755102,0.6597938144329897,0.6710878278916736,0.04590012895260593,172,0.900523560209424,0.8969072164948454,0.9104859335038363,0.9033942558746737,0.9095744680851064,0.9041770868335772,0.005210477262761741
0.028198909759521485,0.010572202288940416,0.00920119285583496,0.0023154156610136517,25,,1,rbf,"{'C': 25, 'class_weight': None, 'gamma': 1, 'kernel': 'rbf'}",0.7157894736842105,0.7102803738317757,0.5977011494252873,0.6666666666666666,0.6526315789473683,0.6686138485110616,0.04301040407145793,173,0.8956043956043956,0.9002695417789757,0.9157894736842105,0.9032258064516129,0.907103825136612,0.9043986085311613,0.006823970160844004
0.020221185684204102,0.0034772096489705984,0.006402111053466797,0.0007893167967265344,25,balanced,1,rbf,"{'C': 25, 'class_weight': 'balanced', 'gamma': 1, 'kernel': 'rbf'}",0.7083333333333334,0.7102803738317757,0.5909090909090908,0.673469387755102,0.6595744680851064,0.6685133307828817,0.04349023407984046,174,0.9047619047619047,0.9048843187660669,0.9128205128205129,0.9033942558746737,0.9144385026737968,0.9080598989793909,0.004606068396474233
0.020610713958740236,0.0024089565874235745,0.007010793685913086,0.0006331966317965187,30,balanced,1,rbf,"{'C': 30, 'class_weight': 'balanced', 'gamma': 1, 'kernel': 'rbf'}",0.7083333333333334,0.7102803738317757,0.5977011494252873,0.673469387755102,0.6526315789473683,0.6684831646585734,0.04152414119253625,175,0.9047619047619047,0.9048843187660669,0.9151670951156814,0.9129287598944591,0.9168900804289546,0.9109264317934134,0.0051393807339540605
0.01640043258666992,0.003928431633156356,0.010202741622924805,0.0014746702882209451,1,balanced,10,rbf,"{'C': 1, 'class_weight': 'balanced', 'gamma': 10, 'kernel': 'rbf'}",0.7130434782608694,0.7096774193548387,0.6168224299065421,0.6610169491525424,0.6386554621848739,0.6678431477719333,0.038196355282151186,176,0.9109947643979057,0.9058524173027991,0.9187817258883249,0.917098445595855,0.9157894736842105,0.9137033653738191,0.00470408477756526
0.023810672760009765,0.0035396456544806126,0.00640411376953125,0.00048634709957551134,35,balanced,1,rbf,"{'C': 35, 'class_weight': 'balanced', 'gamma': 1, 'kernel': 'rbf'}",0.7083333333333334,0.7102803738317757,0.5977011494252873,0.6597938144329897,0.6526315789473683,0.6657480499941508,0.04155600951565303,177,0.9076517150395779,0.9048843187660669,0.9151670951156814,0.9100529100529101,0.9168900804289546,0.9109292238806382,0.004506489351290633
0.02258930206298828,0.0040192074658501435,0.007010650634765625,0.0006305379385146665,40,,1,rbf,"{'C': 40, 'class_weight': None, 'gamma': 1, 'kernel': 'rbf'}",0.6956521739130435,0.7169811320754716,0.6046511627906976,0.6530612244897959,0.6526315789473683,0.6645954544432754,0.038931401013677557,178,0.9035812672176308,0.9021739130434783,0.9182058047493403,0.9110512129380053,0.9100817438692098,0.9090187883635329,0.005763347091582946
0.02341752052307129,0.003437136535404101,0.0060089111328125,0.0006355586343923681,40,balanced,1,rbf,"{'C': 40, 'class_weight': 'balanced', 'gamma': 1, 'kernel': 'rbf'}",0.7010309278350516,0.7102803738317757,0.6046511627906976,0.6597938144329897,0.6458333333333334,0.6643179224447696,0.03842567240225586,179,0.9076517150395779,0.9048843187660669,0.9179487179487179,0.9124668435013263,0.9168900804289546,0.9119683351369285,0.00508042444864577
0.01960921287536621,0.0037680116882297912,0.006598854064941406,0.0004891436289028189,30,,1,rbf,"{'C': 30, 'class_weight': None, 'gamma': 1, 'kernel': 'rbf'}",0.6881720430107527,0.7102803738317757,0.5977011494252873,0.6666666666666666,0.6526315789473683,0.6630903623763701,0.03808914059980898,180,0.8956043956043956,0.9002695417789757,0.9129287598944591,0.9086021505376345,0.9100817438692098,0.905497318336935,0.00649742767578544
0.023606014251708985,0.0064040582721402615,0.006408214569091797,0.0010172966349033183,35,,1,rbf,"{'C': 35, 'class_weight': None, 'gamma': 1, 'kernel': 'rbf'}",0.6881720430107527,0.7102803738317757,0.6046511627906976,0.6530612244897959,0.6526315789473683,0.6617592766140781,0.03597843449582078,181,0.9010989010989011,0.8972972972972973,0.9129287598944591,0.9115281501340483,0.9130434782608695,0.9071793173371152,0.006648046351415795
0.015224218368530273,0.0007601748983221828,0.007414340972900391,0.0005028031793568344,5,balanced,10,rbf,"{'C': 5, 'class_weight': 'balanced', 'gamma': 10, 'kernel': 'rbf'}",0.7027027027027026,0.6991869918699187,0.5567010309278351,0.6554621848739496,0.6428571428571429,0.6513820106463097,0.05286386057778526,182,0.9312169312169313,0.9322916666666666,0.9336734693877552,0.9336870026525199,0.9312169312169313,0.9324172002281609,0.0011034183677965036
0.02381787300109863,0.002561869845072033,0.012807559967041016,0.003270719266587773,1,balanced,100,rbf,"{'C': 1, 'class_weight': 'balanced', 'gamma': 100, 'kernel': 'rbf'}",0.6222222222222222,0.6518518518518518,0.6393442622950819,0.6719999999999999,0.6349206349206349,0.6440677942579582,0.01687608346717938,183,0.9506493506493506,0.9479166666666666,0.9606299212598425,0.9606299212598425,0.96,0.9559651719671404,0.005528761218151874
0.01661505699157715,0.0013739580829079546,0.008189821243286132,0.0009924412541184844,10,balanced,10,rbf,"{'C': 10, 'class_weight': 'balanced', 'gamma': 10, 'kernel': 'rbf'}",0.7090909090909092,0.6880000000000001,0.19354838709677416,0.6722689075630253,0.6181818181818182,0.5762180043865054,0.19368696239750532,184,0.9361702127659574,0.9399477806788512,0.9408740359897172,0.9470899470899472,0.9411764705882353,0.9410516894225417,0.0035087067589829085
0.01242842674255371,0.0010143420376081073,0.0078049182891845705,0.0007493361202731482,1,,10,rbf,"{'C': 1, 'class_weight': None, 'gamma': 10, 'kernel': 'rbf'}",0.3076923076923077,0.7154471544715447,0.14545454545454545,0.6491228070175438,0.6296296296296297,0.4894692888531143,0.2225260332158238,185,0.9125683060109289,0.9120879120879122,0.924731182795699,0.9184782608695653,0.9289617486338797,0.919365482079597,0.006645763536622389
0.020217418670654297,0.002792542519420543,0.008597469329833985,0.0013620974873863197,20,balanced,10,rbf,"{'C': 20, 'class_weight': 'balanced', 'gamma': 10, 'kernel': 'rbf'}",0.31884057971014496,0.6829268292682927,0.14035087719298245,0.6610169491525424,0.6363636363636364,0.4878997743375198,0.2188231586889543,186,0.9445910290237467,0.949868073878628,0.9506493506493506,0.9496021220159151,0.954177897574124,0.9497776946283529,0.0030679655939412857
0.017819976806640624,0.002234108958921463,0.008405113220214843,0.0004784141593823981,15,balanced,10,rbf,"{'C': 15, 'class_weight': 'balanced', 'gamma': 10, 'kernel': 'rbf'}",0.3142857142857143,0.6880000000000001,0.13559322033898305,0.6666666666666667,0.6181818181818182,0.4845454838946365,0.2205341726660808,187,0.9421052631578947,0.9473684210526315,0.9457364341085271,0.9470899470899472,0.9490616621983914,0.9462723455214783,0.0023367463656238843
0.020411109924316405,0.0009986204874371637,0.0075911998748779295,0.0008080994420856873,25,,10,rbf,"{'C': 25, 'class_weight': None, 'gamma': 10, 'kernel': 'rbf'}",0.2727272727272727,0.6935483870967741,0.14814814814814814,0.679245283018868,0.6238532110091743,0.48350446040004746,0.22760561134983154,188,0.9459459459459459,0.9493333333333334,0.960212201591512,0.9595687331536388,0.9536784741144414,0.9537477376277742,0.005586286770410224
0.021802711486816406,0.004811156499378369,0.007800865173339844,0.0017201193235190507,15,,10,rbf,"{'C': 15, 'class_weight': None, 'gamma': 10, 'kernel': 'rbf'}",0.30303030303030304,0.6935483870967741,0.14814814814814814,0.6481481481481481,0.6238532110091743,0.48334563948650955,0.2172364694889496,189,0.943089430894309,0.9493333333333334,0.9574468085106383,0.9510869565217391,0.9508196721311475,0.9503552402782335,0.004579906667377091
0.01939878463745117,0.004026891708373571,0.008403778076171875,0.001966902807339587,5,,10,rbf,"{'C': 5, 'class_weight': None, 'gamma': 10, 'kernel': 'rbf'}",0.29850746268656714,0.7049180327868853,0.14285714285714285,0.6486486486486486,0.6181818181818182,0.48262262103221243,0.22122168047336344,190,0.9326145552560646,0.946236559139785,0.9393139841688656,0.9405405405405405,0.9453551912568305,0.9408121660724174,0.004890445184594123
0.01924862861633301,0.0014681352311924306,0.0081756591796875,0.0009767003073912627,10,,10,rbf,"{'C': 10, 'class_weight': None, 'gamma': 10, 'kernel': 'rbf'}",0.30303030303030304,0.6991869918699187,0.14814814814814814,0.6486486486486486,0.6055045871559634,0.4809037357705964,0.21618350863306965,191,0.9405405405405405,0.9496021220159151,0.9496021220159151,0.9456521739130435,0.947945205479452,0.9466684327929732,0.003389013395518237
0.019214534759521486,0.0017226603469971732,0.006983232498168945,1.837735604168484e-05,20,,10,rbf,"{'C': 20, 'class_weight': None, 'gamma': 10, 'kernel': 'rbf'}",0.2727272727272727,0.6935483870967741,0.14814814814814814,0.6603773584905661,0.6238532110091743,0.47973087549438703,0.2244637718269468,192,0.9459459459459459,0.9493333333333334,0.9574468085106383,0.9539295392953929,0.9536784741144414,0.9520668202399504,0.003998711719418187
0.018227529525756837,0.0023182990525273846,0.007378911972045899,0.0007861569499281158,25,balanced,10,rbf,"{'C': 25, 'class_weight': 'balanced', 'gamma': 10, 'kernel': 'rbf'}",0.26470588235294124,0.6721311475409837,0.14285714285714285,0.6495726495726495,0.6422018348623854,0.47429373143722053,0.2244249327871349,193,0.9445910290237467,0.9501312335958004,0.9506493506493506,0.9523809523809523,0.9597855227882036,0.9515076176876109,0.004894010228090261
0.01820240020751953,0.0016021477294269272,0.007405233383178711,0.0008157945830315855,30,,10,rbf,"{'C': 30, 'class_weight': None, 'gamma': 10, 'kernel': 'rbf'}",0.2727272727272727,0.6829268292682927,0.14814814814814814,0.49350649350649356,0.6296296296296297,0.4453876746559674,0.20535253550263066,194,0.9459459459459459,0.9493333333333334,0.960212201591512,0.9595687331536388,0.9536784741144414,0.9537477376277742,0.005586286770410224
0.018002891540527345,0.0031559881401558697,0.006802797317504883,0.00040163699738559,40,balanced,10,rbf,"{'C': 40, 'class_weight': 'balanced', 'gamma': 10, 'kernel': 'rbf'}",0.26086956521739124,0.6833333333333332,0.14545454545454545,0.6788990825688073,0.3714285714285714,0.4279970196005297,0.21868255684717972,195,0.952127659574468,0.9551451187335093,0.9556135770234986,0.96,0.9651474530831098,0.9576067616829171,0.004530842028740698
0.016819143295288087,0.0028000035207550954,0.00800633430480957,0.0011033746115271692,30,balanced,10,rbf,"{'C': 30, 'class_weight': 'balanced', 'gamma': 10, 'kernel': 'rbf'}",0.26086956521739124,0.6721311475409837,0.14285714285714285,0.6666666666666667,0.39436619718309857,0.4273781438930566,0.21303996120658142,196,0.9470899470899472,0.9501312335958004,0.9556135770234986,0.9574468085106383,0.9597855227882036,0.9540134178016176,0.004704714192713219
0.01621999740600586,0.003977302714310292,0.00739893913269043,0.00048160596885283446,35,balanced,10,rbf,"{'C': 35, 'class_weight': 'balanced', 'gamma': 10, 'kernel': 'rbf'}",0.26086956521739124,0.6833333333333332,0.14545454545454545,0.6607142857142857,0.3714285714285714,0.42436006022962547,0.21459247271257917,197,0.9496021220159151,0.9551451187335093,0.9556135770234986,0.96,0.9625668449197862,0.956585532538542,0.004454709818335384
0.02099766731262207,0.003999711204609602,0.008211994171142578,0.0011641719078127762,35,,10,rbf,"{'C': 35, 'class_weight': None, 'gamma': 10, 'kernel': 'rbf'}",0.2727272727272727,0.6829268292682927,0.14814814814814814,0.4736842105263159,0.45333333333333337,0.4061639588006726,0.1831715744832171,198,0.9487870619946092,0.9493333333333334,0.960212201591512,0.9595687331536388,0.9565217391304348,0.9548846138407056,0.004919373902885852
0.023404788970947266,0.003869425387819025,0.00800151824951172,0.001097378478314607,40,,10,rbf,"{'C': 40, 'class_weight': None, 'gamma': 10, 'kernel': 'rbf'}",0.2727272727272727,0.6833333333333332,0.14814814814814814,0.45333333333333337,0.39436619718309857,0.3903816569450372,0.18017719152513856,199,0.9487870619946092,0.9493333333333334,0.960212201591512,0.9595687331536388,0.959349593495935,0.9554501847138056,0.005227957727962561
0.02262744903564453,0.0013603580023082513,0.009601879119873046,0.001016819338371581,5,balanced,100,rbf,"{'C': 5, 'class_weight': 'balanced', 'gamma': 100, 'kernel': 'rbf'}",0.1754385964912281,0.25806451612903225,0.1111111111111111,0.28125,0.20338983050847456,0.20585081084796916,0.060527479142127194,200,0.9712793733681463,0.96875,0.9739583333333334,0.968421052631579,0.9712793733681463,0.970737626540241,0.002013807609277826
0.024018192291259767,0.0030337332637415462,0.009400558471679688,0.0004937264686761063,35,balanced,100,rbf,"{'C': 35, 'class_weight': 'balanced', 'gamma': 100, 'kernel': 'rbf'}",0.14035087719298245,0.24242424242424243,0.10526315789473684,0.3076923076923077,0.19672131147540983,0.19849037933593586,0.07201373703785165,201,0.9766233766233766,0.9717223650385605,0.9717223650385605,0.9714285714285714,0.9793814432989691,0.9741756242856077,0.0032457758509399706
0.02181663513183594,0.0011718408413064789,0.00918722152709961,0.0007499716289136406,40,balanced,100,rbf,"{'C': 40, 'class_weight': 'balanced', 'gamma': 100, 'kernel': 'rbf'}",0.14035087719298245,0.24242424242424243,0.10526315789473684,0.3076923076923077,0.19672131147540983,0.19849037933593586,0.07201373703785165,201,0.9766233766233766,0.9717223650385605,0.9742268041237113,0.9739583333333334,0.9793814432989691,0.9751824644835903,0.0026111960038477794
0.023793745040893554,0.004119926840819501,0.009401369094848632,0.000800706872828726,10,balanced,100,rbf,"{'C': 10, 'class_weight': 'balanced', 'gamma': 100, 'kernel': 'rbf'}",0.14035087719298245,0.25396825396825395,0.10344827586206896,0.28125,0.2,0.19580348140466106,0.06679271574121033,203,0.9712793733681463,0.9690721649484536,0.9715762273901809,0.968586387434555,0.9740932642487047,0.9709214834780081,0.001974316113354432
0.02281641960144043,0.0009597289056997821,0.008999776840209962,0.0010975417271535573,15,balanced,100,rbf,"{'C': 15, 'class_weight': 'balanced', 'gamma': 100, 'kernel': 'rbf'}",0.14035087719298245,0.25396825396825395,0.10344827586206896,0.28125,0.2,0.19580348140466106,0.06679271574121033,203,0.9740932642487047,0.9690721649484536,0.9742268041237113,0.968586387434555,0.9793814432989691,0.9730720128108787,0.003957398855277689
0.025204944610595702,0.0029880592234893377,0.010800457000732422,0.0017165118399133845,20,balanced,100,rbf,"{'C': 20, 'class_weight': 'balanced', 'gamma': 100, 'kernel': 'rbf'}",0.14035087719298245,0.24242424242424243,0.10526315789473684,0.28125,0.19672131147540983,0.1932019177974743,0.06436481358518008,205,0.9740932642487047,0.9690721649484536,0.9717223650385605,0.9712793733681463,0.9768637532133675,0.9726061841634465,0.002659667510753744
0.022841882705688477,0.001716042101561999,0.010196495056152343,0.0011565170667858274,25,balanced,100,rbf,"{'C': 25, 'class_weight': 'balanced', 'gamma': 100, 'kernel': 'rbf'}",0.14035087719298245,0.24242424242424243,0.10526315789473684,0.28125,0.19672131147540983,0.1932019177974743,0.06436481358518008,205,0.9740932642487047,0.9717223650385605,0.9717223650385605,0.9714285714285714,0.9768637532133675,0.973166063793553,0.0020842274174448813
0.022634553909301757,0.001847499975274025,0.008802080154418945,0.00040535333642769197,30,balanced,100,rbf,"{'C': 30, 'class_weight': 'balanced', 'gamma': 100, 'kernel': 'rbf'}",0.14035087719298245,0.24242424242424243,0.10526315789473684,0.28125,0.19672131147540983,0.1932019177974743,0.06436481358518008,205,0.9766233766233766,0.9717223650385605,0.9717223650385605,0.9714285714285714,0.9793814432989691,0.9741756242856077,0.0032457758509399706
0.023029088973999023,0.002010769387666977,0.009985876083374024,0.0010901344530059962,10,,100,rbf,"{'C': 10, 'class_weight': None, 'gamma': 100, 'kernel': 'rbf'}",0.1111111111111111,0.22950819672131148,0.1111111111111111,0.23333333333333336,0.1754385964912281,0.172100469753619,0.05384358369041623,208,0.9708222811671087,0.968586387434555,0.9712793733681463,0.9680851063829786,0.973404255319149,0.9704354807343876,0.0019297045115994986
0.020633840560913087,0.0008098755025119767,0.009790611267089844,0.00039669832243100194,5,,100,rbf,"{'C': 5, 'class_weight': None, 'gamma': 100, 'kernel': 'rbf'}",0.1111111111111111,0.22950819672131148,0.1111111111111111,0.23333333333333336,0.1754385964912281,0.172100469753619,0.05384358369041623,208,0.9680851063829786,0.9658792650918635,0.968586387434555,0.9680851063829786,0.9679144385026738,0.96771006075901,0.0009426399014825704
0.02141733169555664,0.0008147767521056815,0.00960536003112793,0.0004958129153788809,25,,100,rbf,"{'C': 25, 'class_weight': None, 'gamma': 100, 'kernel': 'rbf'}",0.10909090909090909,0.22950819672131148,0.1111111111111111,0.23333333333333336,0.1754385964912281,0.17169642934957863,0.05430532965957773,210,0.9735449735449735,0.9712793733681463,0.9712793733681463,0.9708222811671087,0.9761273209549071,0.9726106644806564,0.001999139470583628
0.02301054000854492,0.00142424327048208,0.009611940383911133,0.0004931837910215067,20,,100,rbf,"{'C': 20, 'class_weight': None, 'gamma': 100, 'kernel': 'rbf'}",0.10909090909090909,0.22950819672131148,0.1111111111111111,0.23333333333333336,0.1754385964912281,0.17169642934957863,0.05430532965957773,210,0.9735449735449735,0.9712793733681463,0.9712793733681463,0.9708222811671087,0.9761273209549071,0.9726106644806564,0.001999139470583628
0.03399434089660645,0.006160241521996886,0.015808296203613282,0.004273128429174204,15,,100,rbf,"{'C': 15, 'class_weight': None, 'gamma': 100, 'kernel': 'rbf'}",0.10909090909090909,0.22950819672131148,0.1111111111111111,0.23333333333333336,0.1754385964912281,0.17169642934957863,0.05430532965957773,210,0.9735449735449735,0.9712793733681463,0.9712793733681463,0.9708222811671087,0.9761273209549071,0.9726106644806564,0.001999139470583628
0.02601032257080078,0.0038461241487809353,0.009799814224243164,0.000749568668994337,35,,100,rbf,"{'C': 35, 'class_weight': None, 'gamma': 100, 'kernel': 'rbf'}",0.10909090909090909,0.22580645161290322,0.1111111111111111,0.23333333333333336,0.1754385964912281,0.17095608032789697,0.05353185523872989,213,0.9762532981530343,0.9739583333333334,0.9765013054830288,0.9735449735449735,0.9788359788359788,0.9758187778700698,0.001917790054752638
0.0210111141204834,0.0009095039758391806,0.010796117782592773,0.003647224337786403,30,,100,rbf,"{'C': 30, 'class_weight': None, 'gamma': 100, 'kernel': 'rbf'}",0.10909090909090909,0.22580645161290322,0.1111111111111111,0.23333333333333336,0.1754385964912281,0.17095608032789697,0.05353185523872989,213,0.9735449735449735,0.9712793733681463,0.9738219895287958,0.9735449735449735,0.9761273209549071,0.9736637261883592,0.0015367295930363034
0.021402883529663085,0.0010297135461982485,0.010011005401611327,0.0020141429092109518,40,,100,rbf,"{'C': 40, 'class_weight': None, 'gamma': 100, 'kernel': 'rbf'}",0.10909090909090909,0.22580645161290322,0.1111111111111111,0.23333333333333336,0.1754385964912281,0.17095608032789697,0.05353185523872989,213,0.9762532981530343,0.9739583333333334,0.9765013054830288,0.9735449735449735,0.9788359788359788,0.9758187778700698,0.001917790054752638
0.028198766708374023,0.006175816005716709,0.011400413513183594,0.002330977035295837,1,,100,rbf,"{'C': 1, 'class_weight': None, 'gamma': 100, 'kernel': 'rbf'}",0.11320754716981132,0.2,0.07547169811320754,0.20689655172413793,0.07692307692307693,0.13449977478604674,0.057938453109247244,216,0.9623655913978495,0.9518716577540107,0.962962962962963,0.9539295392953929,0.959349593495935,0.9580958689812302,0.00446296016009345
