Pclass,Sex,Age,Parch,Fare,Cabin,Embarked,Title,relatives,Alone,Survived
2,1,0.8549080047382482,0.840373789507755,-0.24984654648629334,0.4494861564478739,0,6.0,0.06871619532181635,0,1
1,1,2.118230121720727,-0.4884406035463855,-0.11792526709275265,-2.2391110840056,0,3.0,-0.5899021075319003,1,1
2,0,-0.40841411224423063,-0.4884406035463855,0.7606143169535926,0.4494861564478739,0,5.0,0.727334498175533,0,0
2,1,-0.8542925064733409,0.840373789507755,-0.18435371274481926,0.4494861564478739,0,3.0,0.06871619532181635,0,1
2,1,-0.11116184942482385,-0.4884406035463855,-0.37802537823746407,0.4494861564478739,0,6.0,-0.5899021075319003,1,1
1,0,3.084299975883799,-0.4884406035463855,0.3115991912696886,0.4494861564478739,1,5.0,-0.5899021075319003,1,0
2,0,-0.11116184942482385,-0.4884406035463855,-0.3621199757573918,0.4494861564478739,0,5.0,-0.5899021075319003,1,0
3,0,-0.11116184942482385,-0.4884406035463855,-0.1932420258954479,0.4494861564478739,0,5.0,-0.5899021075319003,1,0
3,0,-0.11116184942482385,-0.4884406035463855,0.44242767595165733,0.4494861564478739,0,5.0,-0.5899021075319003,1,0
1,1,0.48334267621398974,-0.4884406035463855,1.923267427441916,-1.7956311268173981,1,3.0,-0.5899021075319003,1,1
2,0,2.2668562531304306,0.840373789507755,0.1150420986447766,0.4494861564478739,0,5.0,0.727334498175533,0,0
3,0,0.18609041339458293,-0.4884406035463855,0.44242767595165733,0.4494861564478739,0,5.0,-0.5899021075319003,1,1
2,1,0.40902961050913805,-0.4884406035463855,-0.22177818916851874,0.4494861564478739,0,3.0,-0.5899021075319003,1,1
1,1,0.6319688076236931,-0.4884406035463855,3.642766807533749,-1.7679136294931355,1,3.0,-0.5899021075319003,1,1
2,0,-0.18547491512967554,-0.4884406035463855,-0.12821699810927004,0.4494861564478739,0,5.0,-0.5899021075319003,1,0
3,0,0.8549080047382482,-0.4884406035463855,-0.4828139122238226,0.4494861564478739,0,5.0,-0.5899021075319003,1,0
1,1,-0.9286055721781925,-0.4884406035463855,0.4518623864580719,-3.0706360037334783,0,6.0,0.06871619532181635,0,1
3,0,0.2604034790994346,-0.4884406035463855,-0.43696892860479075,0.4494861564478739,0,5.0,-0.5899021075319003,1,0
3,0,-0.40841411224423063,-0.4884406035463855,-0.4669871011442401,0.4494861564478739,0,5.0,-0.5899021075319003,1,0
2,0,-0.7799794407684891,-0.4884406035463855,-0.3714760948633167,0.4494861564478739,0,5.0,-0.5899021075319003,1,0
2,0,-0.6313533093587858,-0.4884406035463855,0.7606143169535926,0.4494861564478739,0,5.0,0.727334498175533,0,0
2,1,-0.40841411224423063,3.4980025756160362,-0.26388072514518063,0.4494861564478739,0,6.0,2.7031894067366826,0,1
3,0,-0.25978798083452725,-0.4884406035463855,-0.46714241272139845,0.4494861564478739,0,5.0,-0.5899021075319003,1,0
3,0,-2.1176146234558195,2.1691881825618955,-0.22973089040855488,0.4494861564478739,0,2.0,1.3859528010292494,0,1
2,1,-1.7460492949315611,0.840373789507755,0.0027686693736781545,0.4494861564478739,0,3.0,0.06871619532181635,0,1
3,0,-1.0029186378830441,-0.4884406035463855,-0.4641016740119729,0.4494861564478739,0,5.0,-0.5899021075319003,1,0
3,0,-0.33410104653937894,-0.4884406035463855,-0.4715865692967128,0.2831811725022982,0,5.0,-0.5899021075319003,1,0
2,1,2.0439170560158755,-0.4884406035463855,-0.418256690392941,0.17231118320524771,0,6.0,-0.5899021075319003,1,0
1,0,0.7062818733285449,-0.4884406035463855,-0.12962041597515875,0.4494861564478739,0,5.0,-0.5899021075319003,1,0
2,0,1.0035341361479517,0.840373789507755,-0.1235389385563076,0.4494861564478739,0,5.0,0.727334498175533,0,0
1,1,0.2604034790994346,-0.4884406035463855,0.37888465743185795,0.2000286805295103,0,6.0,0.06871619532181635,0,1
2,0,-0.11116184942482385,-0.4884406035463855,-0.6147351916173633,0.4494861564478739,0,5.0,-0.5899021075319003,1,0
3,1,-1.1515447692927476,-0.4884406035463855,-0.404377823311212,0.4494861564478739,1,3.0,0.06871619532181635,0,1
1,0,0.48334267621398974,-0.4884406035463855,0.13609336663310756,-3.5972684528944683,1,5.0,-0.5899021075319003,1,0
1,0,-0.40841411224423063,-0.4884406035463855,0.8672740747611363,-2.3499810733026503,1,5.0,-0.5899021075319003,1,0
1,0,0.18609041339458293,-0.4884406035463855,-0.11792526709275265,-2.0450886027357615,0,5.0,-0.5899021075319003,1,0
3,0,-0.7056663750636374,-0.4884406035463855,-0.43696892860479075,0.4494861564478739,0,5.0,-0.5899021075319003,1,0
1,0,0.40902961050913805,-0.4884406035463855,-0.11792526709275265,0.4494861564478739,1,5.0,-0.5899021075319003,1,1
3,0,-0.18547491512967554,-0.4884406035463855,-0.4669871011442401,0.4494861564478739,0,5.0,-0.5899021075319003,1,0
3,0,0.03746428198487954,-0.4884406035463855,-0.4641016740119729,0.4494861564478739,0,5.0,-0.5899021075319003,1,0
2,1,1.5237255960819136,-0.4884406035463855,-0.418256690392941,0.4494861564478739,0,3.0,-0.5899021075319003,1,1
2,0,0.03746428198487954,-0.4884406035463855,-0.3714760948633167,0.4494861564478739,0,5.0,-0.5899021075319003,1,0
3,1,0.48334267621398974,0.840373789507755,-0.1381962347476495,0.4494861564478739,0,3.0,2.044571103882966,0,0
3,0,2.341169318835282,-0.4884406035463855,-0.4980176057709505,0.4494861564478739,0,5.0,-0.5899021075319003,1,0
2,1,-2.043301557750968,0.840373789507755,-0.12821699810927004,0.4494861564478739,0,3.0,0.727334498175533,0,1
3,0,0.3718730776567122,-0.4884406035463855,-0.4942751581285806,0.4494861564478739,1,5.0,-0.5899021075319003,1,0
1,1,1.5980386617867652,-0.4884406035463855,0.8440390885734822,-1.0472586990623074,0,6.0,0.06871619532181635,0,1
1,1,-0.7799794407684891,-0.4884406035463855,1.0895604949273416,-2.738026035842327,1,6.0,0.06871619532181635,0,1
3,0,0.7062818733285449,6.155631361724318,-0.029509941541762674,0.4494861564478739,0,5.0,3.3618077095903995,0,0
1,0,0.7062818733285449,-0.4884406035463855,-0.040348069914066045,0.4494861564478739,1,5.0,-0.5899021075319003,1,0
1,1,-0.40841411224423063,2.1691881825618955,4.3065834580991185,-1.8510661214659232,0,3.0,2.7031894067366826,0,1
3,0,0.18609041339458293,-0.4884406035463855,-0.4664407037884541,0.4494861564478739,0,5.0,-0.5899021075319003,1,1
3,0,0.48334267621398974,-0.4884406035463855,-0.4669871011442401,0.4494861564478739,0,5.0,-0.5899021075319003,1,0
1,1,-1.0029186378830441,-0.4884406035463855,1.0038734137076393,-2.4331335652754382,0,3.0,-0.5899021075319003,1,1
3,1,-1.5974231635218579,0.840373789507755,-0.22037477130263003,0.4494861564478739,0,3.0,2.044571103882966,0,0
1,1,1.0035341361479517,0.840373789507755,3.3398624514794313,-2.9874835117606904,0,6.0,0.06871619532181635,0,1
1,1,1.7466647931964685,-0.4884406035463855,0.34855586173809183,-2.2668285813298623,0,6.0,0.727334498175533,0,1
3,0,-0.6313533093587858,-0.4884406035463855,-0.4700278398536657,0.4494861564478739,2,5.0,-0.5899021075319003,1,0
2,0,0.18609041339458293,-0.4884406035463855,-0.12821699810927004,0.4494861564478739,0,5.0,0.06871619532181635,0,1
2,0,1.0778472018528034,-0.4884406035463855,-0.6147351916173633,0.4494861564478739,0,5.0,-0.5899021075319003,1,0
3,1,-0.7799794407684891,-0.4884406035463855,-0.31346815640658243,0.4494861564478739,0,6.0,0.06871619532181635,0,1
2,0,0.5576557419188415,-0.4884406035463855,-0.12821699810927004,0.4494861564478739,0,5.0,0.06871619532181635,0,0
3,0,-1.0029186378830441,-0.4884406035463855,-0.43696892860479075,0.4494861564478739,0,5.0,-0.5899021075319003,1,0
1,0,2.6384215816546885,0.840373789507755,0.5450343629625142,-2.9597660144364277,1,5.0,0.06871619532181635,0,0
3,0,-1.9689884920461163,2.1691881825618955,-0.027404814742929565,0.4494861564478739,0,2.0,3.3618077095903995,0,1
2,0,-2.1302478446256448,2.1691881825618955,-0.07208028347372081,0.4494861564478739,0,2.0,0.727334498175533,0,1
1,0,0.7805949390333965,-0.4884406035463855,-0.09601697859431899,0.4494861564478739,1,9.0,-0.5899021075319003,1,0
3,0,0.18609041339458293,-0.4884406035463855,-0.4641016740119729,-0.40975626060426723,0,5.0,-0.5899021075319003,1,1
3,0,-0.33410104653937894,-0.4884406035463855,-0.4828139122238226,0.4494861564478739,0,5.0,-0.5899021075319003,1,0
1,0,1.152160267557655,-0.4884406035463855,0.9472688931167937,-1.3798686669534588,0,5.0,0.06871619532181635,0,0
3,0,-0.036848783719972154,-0.4884406035463855,-0.46924753952023157,0.4494861564478739,0,5.0,-0.5899021075319003,1,0
1,0,1.5237255960819136,-0.4884406035463855,1.3767147600787455,-1.3244336723049335,1,5.0,0.06871619532181635,0,0
3,0,0.18609041339458293,-0.4884406035463855,0.44242767595165733,0.4494861564478739,0,5.0,-0.5899021075319003,1,1
2,1,-0.18547491512967554,-0.4884406035463855,-0.22177818916851874,0.4494861564478739,0,6.0,0.06871619532181635,0,0
2,0,0.2604034790994346,-0.4884406035463855,-0.6147351916173633,0.4494861564478739,0,5.0,-0.5899021075319003,1,0
3,0,-0.7056663750636374,-0.4884406035463855,-0.47907146458145267,0.4494861564478739,0,5.0,-0.5899021075319003,1,0
3,0,0.7805949390333965,-0.4884406035463855,-0.4697153454755278,0.4494861564478739,2,5.0,-0.5899021075319003,1,0
3,0,0.6319688076236931,-0.4884406035463855,-0.4669871011442401,0.4494861564478739,0,5.0,-0.5899021075319003,1,0
3,0,-0.4827271779490823,-0.4884406035463855,-0.4641016740119729,0.4494861564478739,0,5.0,-0.5899021075319003,1,0
3,0,-0.25978798083452725,-0.4884406035463855,-0.4669871011442401,0.4494861564478739,0,5.0,-0.5899021075319003,1,0
3,0,0.03746428198487954,-0.4884406035463855,-0.4669871011442401,0.4494861564478739,0,5.0,-0.5899021075319003,1,0
2,0,-0.4827271779490823,-0.4884406035463855,-0.418256690392941,0.4494861564478739,0,0.0,-0.5899021075319003,1,0
2,1,-0.40841411224423063,2.1691881825618955,0.6015602921528699,0.4494861564478739,0,3.0,1.3859528010292494,0,1
2,0,-1.0029186378830441,-0.4884406035463855,-0.6147351916173633,0.4494861564478739,0,5.0,-0.5899021075319003,1,0
1,0,1.3750994646722101,-0.4884406035463855,0.3583011953988232,-1.9896536080872365,0,5.0,0.06871619532181635,0,1
1,0,0.48334267621398974,-0.4884406035463855,-0.09601697859431899,0.4494861564478739,1,5.0,-0.5899021075319003,1,0
3,0,-0.9286055721781925,-0.4884406035463855,-0.4827353208233328,0.4494861564478739,0,5.0,0.06871619532181635,0,0
1,1,-0.557040243653934,-0.4884406035463855,2.221104509388465,0.4494861564478739,0,3.0,-0.5899021075319003,1,1
3,1,-0.25978798083452725,-0.4884406035463855,-0.4677655302538531,0.4494861564478739,0,3.0,-0.5899021075319003,1,1
3,0,-0.11116184942482385,-0.4884406035463855,-0.4669871011442401,0.4494861564478739,0,5.0,-0.5899021075319003,1,0
2,0,-0.8542925064733409,-0.4884406035463855,-0.39954445218109125,0.4494861564478739,0,5.0,-0.5899021075319003,1,0
2,1,-0.11116184942482385,-0.4884406035463855,-0.12821699810927004,0.4494861564478739,0,6.0,0.06871619532181635,0,1
2,1,-0.40841411224423063,-0.4884406035463855,-0.12821699810927004,0.4494861564478739,0,6.0,0.06871619532181635,0,1
3,0,-0.11116184942482385,-0.4884406035463855,-0.4677655302538531,0.4494861564478739,0,5.0,-0.5899021075319003,1,0
1,0,0.40902961050913805,-0.4884406035463855,8.972090841669045,-3.181505993030529,1,5.0,-0.5899021075319003,1,1
2,0,-0.036848783719972154,-0.4884406035463855,-0.418256690392941,0.4494861564478739,0,5.0,-0.5899021075319003,1,0
3,0,-2.1607162015646337,0.840373789507755,-0.4553686724385026,0.4494861564478739,1,2.0,0.06871619532181635,0,1
1,0,0.18609041339458293,-0.4884406035463855,-0.0440119261559462,-2.183676089357075,0,5.0,-0.5899021075319003,1,1
3,0,1.0035341361479517,-0.4884406035463855,-0.4641016740119729,0.4494861564478739,0,5.0,-0.5899021075319003,1,0
1,1,1.6723517274916169,0.840373789507755,1.1348590811905874,-2.5717210518967515,0,6.0,0.727334498175533,0,1
3,1,-1.523110097817006,2.1691881825618955,-0.029509941541762674,0.4494861564478739,0,3.0,3.3618077095903995,0,0
3,0,0.40902961050913805,-0.4884406035463855,-0.34418803787897617,0.4494861564478739,1,5.0,-0.5899021075319003,1,0
3,0,0.2604034790994346,-0.4884406035463855,-0.46924753952023157,0.4494861564478739,0,5.0,-0.5899021075319003,1,0
1,0,-0.7056663750636374,-0.4884406035463855,-0.034655807050021324,0.4494861564478739,0,5.0,-0.5899021075319003,1,0
3,0,-0.6313533093587858,-0.4884406035463855,-0.47907146458145267,0.4494861564478739,0,5.0,-0.5899021075319003,1,0
1,1,1.0778472018528034,0.840373789507755,0.47018541011511517,-3.1260709983820036,1,6.0,0.06871619532181635,0,1
3,1,-1.8946754263412646,0.840373789507755,-0.3022408134794726,0.4217686591236113,0,3.0,0.727334498175533,0,1
1,0,1.5237255960819136,-0.4884406035463855,1.8861554453963545,0.4494861564478739,0,0.0,0.727334498175533,0,1
3,0,0.03746428198487954,-0.4884406035463855,-0.46924753952023157,0.4494861564478739,0,5.0,-0.5899021075319003,1,0
2,0,-0.4827271779490823,-0.4884406035463855,-0.33319459792951445,0.4494861564478739,1,5.0,-0.5899021075319003,1,0
3,0,0.48334267621398974,0.840373789507755,-0.1628346388011921,0.4494861564478739,0,5.0,0.727334498175533,0,0
1,0,0.48334267621398974,-0.4884406035463855,-0.12096600580217827,-0.24345127665869154,0,5.0,-0.5899021075319003,1,1
3,0,0.8177514718858224,-0.4884406035463855,-0.4697153454755278,0.4494861564478739,2,5.0,-0.5899021075319003,1,0
3,0,-1.3001709007024511,-0.4884406035463855,-0.404377823311212,0.4494861564478739,1,2.0,0.06871619532181635,0,1
2,0,-0.40841411224423063,-0.4884406035463855,-0.3714760948633167,0.4494861564478739,0,5.0,-0.5899021075319003,1,0
1,0,-0.7799794407684891,2.1691881825618955,4.3065834580991185,-1.8510661214659232,0,5.0,2.7031894067366826,0,0
3,1,0.2604034790994346,2.1691881825618955,0.6867009760167861,0.4494861564478739,0,3.0,5.996280921005266,0,0
1,1,-0.557040243653934,2.1691881825618955,0.3115205998691989,-2.8488960251393776,1,3.0,0.727334498175533,0,1
2,0,-1.9689884920461163,0.840373789507755,-0.26388072514518063,0.4494861564478739,0,2.0,0.727334498175533,0,1
3,1,-0.18547491512967554,0.840373789507755,-0.38130001992453777,-0.3266037686314794,0,6.0,0.06871619532181635,0,1
3,0,1.0778472018528034,-0.4884406035463855,-0.4697153454755278,0.4494861564478739,2,5.0,0.06871619532181635,0,0
2,0,1.8209778589013204,-0.4884406035463855,-0.12821699810927004,0.4494861564478739,0,5.0,-0.5899021075319003,1,0
1,1,0.48334267621398974,2.1691881825618955,1.6307333938046054,-2.294546078654125,0,6.0,1.3859528010292494,0,1
3,0,-0.18547491512967554,-0.4884406035463855,-0.46885832496542507,0.4494861564478739,0,5.0,-0.5899021075319003,1,1
2,1,-1.820362360636413,2.1691881825618955,-0.09547058123853298,0.4494861564478739,0,3.0,1.3859528010292494,0,1
3,0,-0.557040243653934,-0.4884406035463855,-0.47946067913625917,0.4494861564478739,1,5.0,-0.5899021075319003,1,0
1,0,-0.036848783719972154,-0.4884406035463855,0.6314998732918293,-1.9065011161144485,0,5.0,0.06871619532181635,0,0
3,1,0.8549080047382482,6.155631361724318,0.1279067624154233,0.4494861564478739,0,6.0,2.7031894067366826,0,0
2,0,-2.1176146234558195,2.1691881825618955,0.07769621362156684,0.4494861564478739,1,2.0,0.727334498175533,0,1
2,1,-0.9286055721781925,-0.4884406035463855,-0.418256690392941,0.4494861564478739,0,3.0,-0.5899021075319003,1,1
1,1,-0.8542925064733409,2.1691881825618955,4.294888309216712,-2.6271560465452763,1,3.0,2.044571103882966,0,1
3,0,-0.7056663750636374,-0.4884406035463855,-0.4304982366311331,0.4494861564478739,0,5.0,-0.5899021075319003,1,0
3,0,-0.036848783719972154,-0.4884406035463855,-0.17967565319185683,0.4494861564478739,2,5.0,0.727334498175533,0,1
2,1,-1.5974231635218579,2.1691881825618955,-0.1235389385563076,0.4494861564478739,0,3.0,0.727334498175533,0,1
3,1,-0.557040243653934,-0.4884406035463855,-0.4697153454755278,0.4494861564478739,2,3.0,-0.5899021075319003,1,1
3,1,-0.33410104653937894,-0.4884406035463855,-0.34426475805564477,0.4494861564478739,1,3.0,0.06871619532181635,0,0
2,1,-0.40841411224423063,0.840373789507755,-0.10950475989742028,0.4494861564478739,0,6.0,1.3859528010292494,0,1
3,0,0.03746428198487954,-0.4884406035463855,-0.4669871011442401,0.4494861564478739,0,5.0,-0.5899021075319003,1,0
1,1,-1.0029186378830441,0.840373789507755,0.47018541011511517,-3.1260709983820036,1,3.0,0.06871619532181635,0,1
3,0,0.18609041339458293,-0.4884406035463855,-0.4669871011442401,0.4494861564478739,0,5.0,-0.5899021075319003,1,0
2,1,-1.8946754263412646,0.840373789507755,0.1150420986447766,0.3940511617993486,0,3.0,1.3859528010292494,0,1
3,1,-0.8542925064733409,-0.4884406035463855,-0.27791490380406797,0.4494861564478739,0,3.0,0.727334498175533,0,0
3,0,0.2604034790994346,-0.4884406035463855,-0.45279573968437326,0.4494861564478739,0,5.0,-0.5899021075319003,1,0
1,0,0.7805949390333965,-0.4884406035463855,-0.6147351916173633,-2.3222635759783876,0,5.0,-0.5899021075319003,1,0
3,0,-0.7056663750636374,-0.4884406035463855,-0.4677655302538531,0.4494861564478739,0,5.0,-0.5899021075319003,1,0
3,0,1.3007863989673585,-0.4884406035463855,-0.47907146458145267,0.4494861564478739,0,5.0,-0.5899021075319003,1,0
2,0,1.5237255960819136,-0.4884406035463855,-0.3714760948633167,0.4494861564478739,0,5.0,-0.5899021075319003,1,0
1,0,1.189316800410081,-0.4884406035463855,-0.08143640257964568,-2.0450886027357615,0,5.0,-0.5899021075319003,1,0
3,0,0.2604034790994346,-0.4884406035463855,-0.4641016740119729,0.4494861564478739,0,5.0,-0.5899021075319003,1,0
3,0,-0.6313533093587858,-0.4884406035463855,-0.4664407037884541,0.4494861564478739,0,5.0,-0.5899021075319003,1,0
3,0,-0.036848783719972154,-0.4884406035463855,-0.4669871011442401,0.4494861564478739,1,5.0,-0.5899021075319003,1,1
2,0,0.9292210704430999,-0.4884406035463855,-0.3714760948633167,0.4494861564478739,0,8.0,-0.5899021075319003,1,0
3,0,-2.1176146234558195,2.1691881825618955,0.2628687805183895,0.4494861564478739,0,2.0,4.0204260124441165,0,0
3,1,0.18609041339458293,0.840373789507755,-0.3246954993336923,0.4494861564478739,2,6.0,0.727334498175533,0,0
1,0,1.4494125303770617,-0.4884406035463855,0.450537559992673,-3.4863984635974177,1,9.0,0.06871619532181635,0,1
2,1,1.5237255960819136,0.840373789507755,-0.12821699810927004,0.4494861564478739,0,6.0,0.06871619532181635,0,1
3,0,-0.11116184942482385,-0.4884406035463855,-0.43696892860479075,0.4494861564478739,0,5.0,-0.5899021075319003,1,0
3,0,-0.9286055721781925,0.840373789507755,-0.47946067913625917,0.4494861564478739,1,5.0,0.727334498175533,0,0
3,0,-0.8542925064733409,0.840373789507755,-0.23651407676035044,0.4494861564478739,0,5.0,0.727334498175533,0,0
2,0,1.2264733332625066,-0.4884406035463855,-0.12821699810927004,0.4494861564478739,0,5.0,-0.5899021075319003,1,0
1,1,-0.036848783719972154,-0.4884406035463855,3.3398624514794313,-2.7103085385180643,0,3.0,-0.5899021075319003,1,1
2,1,-0.33410104653937894,0.840373789507755,-0.05336804526187107,0.4494861564478739,0,3.0,0.727334498175533,0,1
2,0,0.40902961050913805,-0.4884406035463855,-0.12821699810927004,0.4494861564478739,0,5.0,-0.5899021075319003,1,0
3,1,-0.7799794407684891,-0.4884406035463855,-0.4672977242985568,0.4494861564478739,2,3.0,-0.5899021075319003,1,1
3,0,0.9292210704430999,-0.4884406035463855,-0.4715865692967128,0.25546367517803553,0,5.0,-0.5899021075319003,1,0
3,0,0.7805949390333965,-0.4884406035463855,0.44242767595165733,0.4494861564478739,0,5.0,-0.5899021075319003,1,1
3,0,-0.11116184942482385,-0.4884406035463855,-0.45646146715007463,0.4494861564478739,2,5.0,-0.5899021075319003,1,0
3,1,-1.1515447692927476,-0.4884406035463855,-0.4677655302538531,0.4494861564478739,0,3.0,-0.5899021075319003,1,0
2,0,-0.8542925064733409,-0.4884406035463855,-0.3714760948633167,0.4494861564478739,0,5.0,-0.5899021075319003,1,0
2,0,-0.33410104653937894,-0.4884406035463855,-0.12821699810927004,0.4494861564478739,0,5.0,0.06871619532181635,0,0
1,1,-0.40841411224423063,-0.4884406035463855,0.9413427272751009,-1.6016086455475598,1,3.0,-0.5899021075319003,1,1
1,1,0.6319688076236931,-0.4884406035463855,0.7191348985093853,-1.3521511696291961,1,6.0,0.06871619532181635,0,1
3,1,0.5576557419188415,-0.4884406035463855,-0.4697153454755278,0.4494861564478739,2,3.0,-0.5899021075319003,1,1
3,0,-0.18547491512967554,-0.4884406035463855,-0.34426475805564477,0.4494861564478739,1,5.0,0.06871619532181635,0,0
3,0,-0.33410104653937894,-0.4884406035463855,-0.47946067913625917,0.4494861564478739,1,5.0,-0.5899021075319003,1,0
3,1,-0.4827271779490823,-0.4884406035463855,-0.31346815640658243,0.4494861564478739,0,6.0,0.06871619532181635,0,1
3,0,0.11177734768973124,-0.4884406035463855,-0.4641016740119729,0.4494861564478739,0,5.0,-0.5899021075319003,1,0
3,0,0.48334267621398974,-0.4884406035463855,-0.4526404281072149,0.4494861564478739,0,5.0,-0.5899021075319003,1,0
2,1,-0.557040243653934,0.840373789507755,-0.07208028347372081,0.4494861564478739,0,6.0,0.727334498175533,0,1
2,1,0.9292210704430999,-0.4884406035463855,-0.12821699810927004,0.4494861564478739,0,6.0,0.06871619532181635,0,1
3,0,-0.33410104653937894,-0.4884406035463855,-0.46924753952023157,0.4494861564478739,0,5.0,0.06871619532181635,0,0
1,0,1.8209778589013204,-0.4884406035463855,0.3557282626446938,-0.021711298064590608,0,5.0,-0.5899021075319003,1,0
3,1,1.0035341361479517,-0.4884406035463855,-0.3246954993336923,0.4494861564478739,2,3.0,0.06871619532181635,0,1
1,1,0.18609041339458293,-0.4884406035463855,0.8128532723696137,-1.0195412017380447,1,3.0,-0.5899021075319003,1,1
3,1,0.8549080047382482,0.840373789507755,-0.1381962347476495,0.4494861564478739,0,3.0,2.044571103882966,0,0
3,0,-0.40841411224423063,-0.4884406035463855,-0.4828139122238226,0.4494861564478739,0,5.0,-0.5899021075319003,1,0
3,1,-0.33410104653937894,-0.4884406035463855,-0.4697153454755278,0.4494861564478739,2,3.0,-0.5899021075319003,1,1
3,0,1.5980386617867652,-0.4884406035463855,-0.4827353208233328,0.4494861564478739,0,5.0,-0.5899021075319003,1,0
2,1,1.152160267557655,-0.4884406035463855,-0.3621199757573918,0.4494861564478739,0,6.0,-0.5899021075319003,1,1
2,0,-0.6313533093587858,-0.4884406035463855,-0.39954445218109125,0.4494861564478739,0,5.0,0.06871619532181635,0,0
1,1,0.40902961050913805,-0.4884406035463855,0.9472688931167937,-1.3798686669534588,0,6.0,0.06871619532181635,0,1
3,1,-1.9689884920461163,0.840373789507755,-0.22037477130263003,0.4494861564478739,0,3.0,2.044571103882966,0,0
1,1,2.118230121720727,0.840373789507755,2.2568916649686277,-2.017371105411499,0,6.0,0.06871619532181635,0,1
3,0,-0.557040243653934,-0.4884406035463855,-0.48141049435793387,0.4494861564478739,0,5.0,-0.5899021075319003,1,0
3,1,1.0035341361479517,-0.4884406035463855,-0.4672977242985568,0.4494861564478739,2,3.0,-0.5899021075319003,1,1
2,1,-0.40841411224423063,-0.4884406035463855,-0.3714760948633167,0.3386161671508234,0,3.0,-0.5899021075319003,1,1
3,1,0.8549080047382482,2.1691881825618955,-0.23651407676035044,0.4494861564478739,0,6.0,0.727334498175533,0,0
1,0,1.6723517274916169,-0.4884406035463855,-0.0440119261559462,-2.2113935866813375,0,9.0,-0.5899021075319003,1,1
3,0,-1.077231703587896,-0.4884406035463855,-0.4669871011442401,0.4494861564478739,0,5.0,-0.5899021075319003,1,0
3,0,-2.043301557750968,0.840373789507755,0.1279067624154233,0.4494861564478739,0,2.0,2.7031894067366826,0,0
3,1,-0.557040243653934,-0.4884406035463855,-0.4306535482082915,0.4494861564478739,0,3.0,-0.5899021075319003,1,0
3,0,1.152160267557655,-0.4884406035463855,-0.4842173300897113,0.4494861564478739,0,5.0,-0.5899021075319003,1,0
2,1,-0.25978798083452725,0.840373789507755,-0.12821699810927004,0.4494861564478739,0,6.0,0.727334498175533,0,0
3,0,0.2604034790994346,-0.4884406035463855,-0.4697153454755278,0.4494861564478739,2,5.0,-0.5899021075319003,1,0
3,1,-0.6313533093587858,-0.4884406035463855,-0.3246954993336923,0.4494861564478739,2,6.0,0.06871619532181635,0,1
3,1,-1.077231703587896,-0.4884406035463855,-0.34426475805564477,0.4494861564478739,1,6.0,0.06871619532181635,0,1
2,1,-0.11116184942482385,-0.4884406035463855,-0.3714760948633167,0.4494861564478739,0,3.0,-0.5899021075319003,1,1
3,1,1.3750994646722101,3.4980025756160362,0.028497996914971548,0.4494861564478739,0,6.0,2.044571103882966,0,0
3,0,-1.8946754263412646,2.1691881825618955,-0.029509941541762674,0.4494861564478739,0,2.0,3.3618077095903995,0,0
3,0,-1.523110097817006,2.1691881825618955,0.2628687805183895,0.4494861564478739,0,2.0,4.0204260124441165,0,0
2,1,-0.7799794407684891,-0.4884406035463855,-0.12821699810927004,0.4494861564478739,0,3.0,-0.5899021075319003,1,1
2,0,0.18609041339458293,-0.4884406035463855,-0.418256690392941,0.4494861564478739,0,5.0,-0.5899021075319003,1,0
2,1,0.6319688076236931,-0.4884406035463855,-0.3714760948633167,0.4494861564478739,0,3.0,-0.5899021075319003,1,0
1,0,0.9292210704430999,-0.4884406035463855,-0.1228372296233632,-0.27116877398295414,0,5.0,-0.5899021075319003,1,1
1,0,-0.557040243653934,-0.4884406035463855,0.040193145797377636,-1.9619361107629738,0,5.0,-0.5899021075319003,1,0
3,1,0.11177734768973124,2.1691881825618955,-0.4697153454755278,0.4494861564478739,2,3.0,0.727334498175533,0,0
1,0,-2.1235596687122076,2.1691881825618955,2.221104509388465,-1.8787836187901858,0,2.0,1.3859528010292494,0,1
3,0,-0.6313533093587858,-0.4884406035463855,-0.4641016740119729,0.4494861564478739,0,5.0,-0.5899021075319003,1,0
3,0,-1.0029186378830441,-0.4884406035463855,-0.46924753952023157,0.4494861564478739,0,5.0,-0.5899021075319003,1,1
3,0,-0.6313533093587858,-0.4884406035463855,-0.4641016740119729,0.4494861564478739,0,5.0,-0.5899021075319003,1,0
2,0,0.9292210704430999,-0.4884406035463855,-0.10950475989742028,0.4494861564478739,0,5.0,0.06871619532181635,0,0
3,0,0.33471654480428636,-0.4884406035463855,-0.4641016740119729,0.4494861564478739,0,5.0,-0.5899021075319003,1,0
3,1,0.2604034790994346,-0.4884406035463855,-0.3181462159595449,0.4494861564478739,0,6.0,1.3859528010292494,0,1
3,1,-0.9286055721781925,-0.4884406035463855,-0.4697153454755278,0.4494861564478739,2,3.0,-0.5899021075319003,1,1
3,0,0.9292210704430999,-0.4884406035463855,-0.4669871011442401,0.4494861564478739,0,5.0,-0.5899021075319003,1,0
3,0,-0.557040243653934,-0.4884406035463855,-0.47907146458145267,0.4494861564478739,0,5.0,0.06871619532181635,0,0
3,0,-0.11116184942482385,-0.4884406035463855,-0.43696892860479075,0.4494861564478739,0,5.0,-0.5899021075319003,1,0
3,0,-0.25978798083452725,-0.4884406035463855,-0.4677655302538531,0.4494861564478739,0,5.0,0.06871619532181635,0,0
3,0,-0.33410104653937894,-0.4884406035463855,-0.4699492484531759,0.4494861564478739,2,5.0,-0.5899021075319003,1,0
1,0,-0.18547491512967554,-0.4884406035463855,0.8210398765872979,-0.576061244549843,1,5.0,-0.5899021075319003,1,1
1,1,-1.0029186378830441,0.840373789507755,0.12252699392951646,-0.853236217792469,0,3.0,0.06871619532181635,0,1
1,0,-0.18547491512967554,2.1691881825618955,3.342903190188857,-1.4075861642777214,1,5.0,0.727334498175533,0,0
3,1,-1.523110097817006,0.840373789507755,-0.32945215028714453,0.4494861564478739,1,3.0,0.727334498175533,0,0
1,0,0.11177734768973124,-0.4884406035463855,-0.09601697859431899,0.4494861564478739,1,5.0,-0.5899021075319003,1,0
3,0,-0.8542925064733409,-0.4884406035463855,-0.34340773754554205,0.4494861564478739,0,5.0,-0.5899021075319003,1,0
1,1,0.40902961050913805,-0.4884406035463855,0.3583011953988232,0.4494861564478739,0,6.0,0.06871619532181635,0,1
2,0,2.7127346473595404,-0.4884406035463855,-0.418256690392941,0.4494861564478739,0,5.0,-0.5899021075319003,1,0
2,1,0.33471654480428636,0.840373789507755,-0.006587449732246716,0.4494861564478739,0,6.0,0.727334498175533,0,1
2,1,-0.036848783719972154,-0.4884406035463855,-0.12821699810927004,0.4494861564478739,0,6.0,0.06871619532181635,0,1
2,0,-0.4827271779490823,-0.4884406035463855,-0.3714760948633167,0.4494861564478739,0,5.0,-0.5899021075319003,1,0
3,0,1.0778472018528034,-0.4884406035463855,-0.4641016740119729,0.4494861564478739,0,5.0,-0.5899021075319003,1,0
3,0,-0.9286055721781925,-0.4884406035463855,-0.4526404281072149,0.4494861564478739,0,5.0,-0.5899021075319003,1,0
3,0,-0.036848783719972154,-0.4884406035463855,-0.47946067913625917,0.4494861564478739,1,5.0,-0.5899021075319003,1,0
3,1,-0.557040243653934,2.1691881825618955,0.6867009760167861,0.4494861564478739,0,3.0,5.996280921005266,0,0
3,0,-0.8542925064733409,0.840373789507755,-0.4677655302538531,0.4494861564478739,0,5.0,0.727334498175533,0,0
3,1,-0.8542925064733409,2.1691881825618955,-0.17593320554948688,0.4494861564478739,0,3.0,1.3859528010292494,0,0
3,1,-0.8542925064733409,-0.4884406035463855,-0.2816573514464379,0.4494861564478739,0,6.0,0.06871619532181635,0,0
3,0,-0.8542925064733409,-0.4884406035463855,0.44242767595165733,0.4494861564478739,0,5.0,-0.5899021075319003,1,1
2,0,-0.7799794407684891,-0.4884406035463855,-0.418256690392941,0.4494861564478739,0,5.0,-0.5899021075319003,1,1
3,0,-0.4827271779490823,-0.4884406035463855,-0.4421147941130494,0.4494861564478739,0,5.0,-0.5899021075319003,1,0
2,1,-0.40841411224423063,-0.4884406035463855,-0.3714760948633167,0.4494861564478739,0,3.0,-0.5899021075319003,1,0
2,0,0.48334267621398974,-0.4884406035463855,-0.3738151246397979,-1.1026936937108327,1,5.0,-0.5899021075319003,1,0
3,0,-0.7056663750636374,-0.4884406035463855,-0.4664407037884541,0.4494861564478739,0,5.0,-0.5899021075319003,1,0
3,0,-0.9286055721781925,-0.4884406035463855,-0.4526404281072149,0.4494861564478739,0,5.0,-0.5899021075319003,1,0
3,0,-0.25978798083452725,-0.4884406035463855,0.44242767595165733,0.4494861564478739,0,5.0,-0.5899021075319003,1,1
3,0,-0.036848783719972154,-0.4884406035463855,-0.43696892860479075,0.4494861564478739,0,5.0,-0.5899021075319003,1,1
3,0,-0.036848783719972154,-0.4884406035463855,-0.4641016740119729,0.4494861564478739,0,5.0,-0.5899021075319003,1,0
3,0,0.7062818733285449,-0.4884406035463855,-0.1628346388011921,0.4494861564478739,0,5.0,-0.5899021075319003,1,0
2,0,-0.18547491512967554,-0.4884406035463855,-0.3714760948633167,0.4494861564478739,0,8.0,-0.5899021075319003,1,0
3,0,-0.18547491512967554,-0.4884406035463855,-0.4526404281072149,0.4494861564478739,0,5.0,-0.5899021075319003,1,1
1,0,0.2604034790994346,-0.4884406035463855,-0.5211740005581146,-2.654873543869539,0,5.0,-0.5899021075319003,1,0
1,1,-0.25978798083452725,-0.4884406035463855,0.8607247913869887,0.4494861564478739,0,3.0,-0.5899021075319003,1,1
3,0,-0.7056663750636374,0.840373789507755,-0.3201727513578882,0.4494861564478739,1,5.0,0.727334498175533,0,1
3,0,0.18609041339458293,-0.4884406035463855,-0.4697153454755278,0.4494861564478739,2,5.0,-0.5899021075319003,1,0
3,0,0.11177734768973124,-0.4884406035463855,-0.4664407037884541,0.4494861564478739,0,5.0,-0.5899021075319003,1,1
2,1,-0.11116184942482385,-0.4884406035463855,-0.383639049701019,-0.38203876328000463,2,3.0,-0.5899021075319003,1,1
1,0,-1.8946754263412646,2.1691881825618955,0.9170168175996963,-3.3200934796518418,0,2.0,0.727334498175533,0,1
1,1,-2.043301557750968,2.1691881825618955,2.221104509388465,-1.8787836187901858,0,3.0,1.3859528010292494,0,0
2,0,0.03746428198487954,-0.4884406035463855,-0.3714760948633167,0.4494861564478739,0,5.0,-0.5899021075319003,1,1
3,0,-1.523110097817006,2.1691881825618955,-0.027404814742929565,0.4494861564478739,0,2.0,3.3618077095903995,0,0
3,0,-0.6313533093587858,-0.4884406035463855,-0.4687797335649353,0.4494861564478739,0,5.0,-0.5899021075319003,1,0
2,0,1.8209778589013204,-0.4884406035463855,-0.12821699810927004,0.4494861564478739,0,8.0,0.06871619532181635,0,0
1,0,1.5980386617867652,-0.4884406035463855,-0.11792526709275265,-0.2988862713072168,0,5.0,-0.5899021075319003,1,1
3,0,-0.11116184942482385,-0.4884406035463855,-0.3181462159595449,0.4494861564478739,0,5.0,0.06871619532181635,0,0
3,0,-0.036848783719972154,-0.4884406035463855,-0.43728142298292866,0.4494861564478739,0,5.0,-0.5899021075319003,1,0
1,0,0.40902961050913805,-0.4884406035463855,-0.1228372296233632,-0.27116877398295414,0,5.0,-0.5899021075319003,1,1
3,0,-0.33410104653937894,-0.4884406035463855,-0.4669871011442401,0.4494861564478739,0,5.0,-0.5899021075319003,1,0
3,1,0.6319688076236931,6.155631361724318,-0.027404814742929565,0.4494861564478739,0,6.0,3.3618077095903995,0,1
3,0,0.18609041339458293,-0.4884406035463855,-0.45825409957076985,0.4494861564478739,0,5.0,-0.5899021075319003,1,0
3,0,-1.9689884920461163,0.840373789507755,-0.31721060404895246,0.4494861564478739,0,2.0,0.727334498175533,0,1
3,1,-0.557040243653934,-0.4884406035463855,-0.4179441960148031,0.4494861564478739,0,3.0,-0.5899021075319003,1,0
3,1,-1.523110097817006,2.1691881825618955,-0.09266374550675555,0.4494861564478739,0,3.0,2.7031894067366826,0,0
1,0,1.5980386617867652,0.840373789507755,0.5338070200354043,0.4494861564478739,1,5.0,0.06871619532181635,0,0
1,0,2.4154823845401334,-0.4884406035463855,-0.11792526709275265,0.4494861564478739,0,5.0,-0.5899021075319003,1,0
3,0,-0.9286055721781925,-0.4884406035463855,-0.3246954993336923,0.4494861564478739,2,5.0,0.06871619532181635,0,0
3,0,0.8549080047382482,-0.4884406035463855,-0.4795392705367489,0.4494861564478739,1,5.0,-0.5899021075319003,1,0
1,0,1.9696039903110236,-0.4884406035463855,0.049549264903302505,-3.4032459716246297,1,9.0,-0.5899021075319003,1,1
3,0,-1.0029186378830441,-0.4884406035463855,-0.4422701056902078,0.4494861564478739,0,5.0,-0.5899021075319003,1,0
2,0,-0.4827271779490823,0.840373789507755,-0.39954445218109125,0.4494861564478739,0,5.0,1.3859528010292494,0,0
2,0,-1.0029186378830441,-0.4884406035463855,-0.12821699810927004,0.4494861564478739,0,5.0,-0.5899021075319003,1,0
1,0,-0.11116184942482385,-0.4884406035463855,-0.11792526709275265,-1.6293261428718224,0,5.0,-0.5899021075319003,1,1
3,1,0.03746428198487954,0.840373789507755,-0.1628346388011921,0.4494861564478739,0,6.0,0.727334498175533,0,0
1,0,1.4494125303770617,0.840373789507755,1.4601395316986352,-1.5184561535747718,1,5.0,0.727334498175533,0,0
1,1,0.11177734768973124,-0.4884406035463855,0.3557282626446938,-0.9086712124409944,0,6.0,0.06871619532181635,0,1
3,0,0.33471654480428636,-0.4884406035463855,-0.4641016740119729,0.4494861564478739,0,5.0,-0.5899021075319003,1,0
3,0,-0.25978798083452725,-0.4884406035463855,-0.46924753952023157,0.4494861564478739,0,5.0,-0.5899021075319003,1,0
1,0,0.9292210704430999,-0.4884406035463855,0.3583011953988232,0.4494861564478739,0,5.0,0.06871619532181635,0,0
3,0,-0.4455706450966565,-0.4884406035463855,-0.47946067913625917,0.4494861564478739,1,5.0,-0.5899021075319003,1,0
1,1,1.5237255960819136,-0.4884406035463855,-0.07746005195962763,-1.6847611375203475,1,3.0,-0.5899021075319003,1,0
3,0,-1.077231703587896,-0.4884406035463855,-0.4669871011442401,0.4494861564478739,0,5.0,-0.5899021075319003,1,0
3,0,-0.40841411224423063,-0.4884406035463855,-0.4641016740119729,0.4494861564478739,0,5.0,-0.5899021075319003,1,0
3,1,-0.40841411224423063,-0.4884406035463855,-0.44913188344249305,0.4494861564478739,0,3.0,-0.5899021075319003,1,0
2,0,0.7062818733285449,-0.4884406035463855,-0.3714760948633167,0.4494861564478739,0,5.0,-0.5899021075319003,1,0
2,0,-0.557040243653934,-0.4884406035463855,-0.6147351916173633,0.4494861564478739,0,5.0,-0.5899021075319003,1,0
3,1,-1.3744839664073027,2.1691881825618955,-0.029509941541762674,0.4494861564478739,0,3.0,3.3618077095903995,0,0
1,1,-0.4827271779490823,-0.4884406035463855,1.504893591829916,-0.7423662284954187,1,3.0,0.06871619532181635,0,1
2,0,0.9292210704430999,-0.4884406035463855,-0.3714760948633167,0.4494861564478739,0,5.0,-0.5899021075319003,1,1
1,0,1.2264733332625066,-0.4884406035463855,0.5299859809925446,-0.21573377933442892,0,5.0,0.06871619532181635,0,0
2,1,-0.9286055721781925,-0.4884406035463855,-0.3901883330751664,0.4494861564478739,1,3.0,-0.5899021075319003,1,1
1,0,0.8549080047382482,-0.4884406035463855,-0.058981716725426,-1.7124786348446102,1,5.0,-0.5899021075319003,1,1
1,1,-0.036848783719972154,-0.4884406035463855,1.0526038244589384,-1.213563683007883,1,6.0,0.06871619532181635,0,1
1,1,0.7062818733285449,0.840373789507755,1.4601395316986352,-1.5184561535747718,1,6.0,0.727334498175533,0,1
3,0,-0.7056663750636374,-0.4884406035463855,-0.4677655302538531,0.4494861564478739,0,5.0,-0.5899021075319003,1,0
3,0,-0.33410104653937894,-0.4884406035463855,-0.2816573514464379,0.4494861564478739,0,5.0,0.06871619532181635,0,0
1,1,0.11177734768973124,-0.4884406035463855,1.504893591829916,-0.7423662284954187,1,3.0,0.06871619532181635,0,1
3,0,-0.40841411224423063,-0.4884406035463855,-0.43696892860479075,0.4494861564478739,0,5.0,-0.5899021075319003,1,0
3,0,-0.7799794407684891,-0.4884406035463855,-0.4669871011442401,0.4494861564478739,0,5.0,-0.5899021075319003,1,0
3,1,-0.8542925064733409,0.840373789507755,-0.34426475805564477,0.4494861564478739,1,3.0,0.06871619532181635,0,0
3,0,-0.7056663750636374,-0.4884406035463855,-0.34340773754554205,0.4494861564478739,0,5.0,-0.5899021075319003,1,0
3,0,-0.4827271779490823,-0.4884406035463855,-0.20906883697503037,0.4494861564478739,1,5.0,0.727334498175533,0,0
3,1,0.0746208148373054,-0.4884406035463855,-0.4697153454755278,0.4494861564478739,2,3.0,-0.5899021075319003,1,0
3,0,0.33471654480428636,-0.4884406035463855,-0.4641016740119729,0.4494861564478739,0,5.0,-0.5899021075319003,1,0
3,0,0.18609041339458293,-0.4884406035463855,-0.4664407037884541,0.4494861564478739,0,5.0,-0.5899021075319003,1,0
2,0,0.40902961050913805,-0.4884406035463855,-0.418256690392941,0.4494861564478739,0,5.0,-0.5899021075319003,1,0
3,0,-0.7799794407684891,-0.4884406035463855,-0.4669871011442401,0.4494861564478739,0,5.0,-0.5899021075319003,1,0
3,0,-0.18547491512967554,2.1691881825618955,-0.17593320554948688,0.4494861564478739,0,5.0,1.3859528010292494,0,0
3,0,0.03746428198487954,-0.4884406035463855,-0.47907146458145267,0.4494861564478739,0,5.0,-0.5899021075319003,1,0
3,0,-0.11116184942482385,-0.4884406035463855,0.44242767595165733,0.4494861564478739,0,5.0,-0.5899021075319003,1,0
3,0,-0.8542925064733409,-0.4884406035463855,-0.46885832496542507,0.4494861564478739,0,5.0,-0.5899021075319003,1,0
2,1,0.48334267621398974,-0.4884406035463855,-0.12821699810927004,0.4494861564478739,0,6.0,0.06871619532181635,0,1
3,0,-0.557040243653934,-0.4884406035463855,-0.4669871011442401,0.4494861564478739,0,5.0,-0.5899021075319003,1,0
3,1,0.40902961050913805,0.840373789507755,-0.23581236782740603,0.4494861564478739,0,6.0,0.727334498175533,0,1
1,1,-0.33410104653937894,2.1691881825618955,2.221104509388465,-1.8787836187901858,0,6.0,1.3859528010292494,0,0
3,1,1.152160267557655,-0.4884406035463855,-0.4697153454755278,0.4494861564478739,0,3.0,-0.5899021075319003,1,0
2,0,1.5980386617867652,-0.4884406035463855,-0.38036440801394533,0.4494861564478739,0,8.0,-0.5899021075319003,1,0
1,1,-1.1515447692927476,2.1691881825618955,1.6307333938046054,-2.294546078654125,0,3.0,1.3859528010292494,0,1
3,0,1.932447457458598,-0.4884406035463855,-0.4641016740119729,0.4494861564478739,0,5.0,-0.5899021075319003,1,0
2,0,0.2604034790994346,-0.4884406035463855,-0.38504246756690774,0.4494861564478739,0,5.0,-0.5899021075319003,1,0
2,1,-0.33410104653937894,0.840373789507755,-0.12821699810927004,0.4494861564478739,0,6.0,0.06871619532181635,0,1
3,0,-0.557040243653934,-0.4884406035463855,-0.47907146458145267,0.4494861564478739,0,5.0,-0.5899021075319003,1,0
2,1,0.33471654480428636,-0.4884406035463855,-0.3714760948633167,0.4494861564478739,0,3.0,-0.5899021075319003,1,1
3,0,0.7805949390333965,4.826816968670177,-0.09266374550675555,0.4494861564478739,0,5.0,2.7031894067366826,0,0
3,0,1.152160267557655,-0.4884406035463855,-0.4641016740119729,0.4494861564478739,0,5.0,-0.5899021075319003,1,1
3,0,-0.036848783719972154,-0.4884406035463855,-0.4828925036243124,0.4494861564478739,0,5.0,0.06871619532181635,0,0
2,0,0.48334267621398974,-0.4884406035463855,-0.3714760948633167,0.4494861564478739,0,5.0,-0.5899021075319003,1,0
3,1,-2.043301557750968,0.840373789507755,-0.38480856458925955,0.4494861564478739,0,3.0,0.06871619532181635,0,1
2,0,2.4154823845401334,-0.4884406035463855,-0.418256690392941,0.4494861564478739,0,5.0,-0.5899021075319003,1,1
1,0,-0.25978798083452725,-0.4884406035463855,-0.6147351916173633,-3.1537884957062663,0,5.0,-0.5899021075319003,1,0
2,1,-1.1515447692927476,-0.4884406035463855,-0.052043218796472134,0.4494861564478739,1,6.0,0.06871619532181635,0,1
1,1,2.2668562531304306,-0.4884406035463855,0.7933607338243297,-0.714648731171156,1,6.0,0.06871619532181635,0,1
3,1,-0.7056663750636374,-0.4884406035463855,-0.4308874511859396,0.4494861564478739,0,3.0,0.06871619532181635,0,0
2,1,0.2604034790994346,2.1691881825618955,-0.12821699810927004,0.4494861564478739,0,6.0,0.727334498175533,0,1
1,0,-0.33410104653937894,-0.4884406035463855,0.42270310565254643,0.03372369658393463,1,5.0,0.06871619532181635,0,1
2,1,-0.4827271779490823,-0.4884406035463855,-0.35666161587099526,-1.1026936937108327,1,6.0,-0.5899021075319003,1,1
3,0,0.18609041339458293,-0.4884406035463855,-0.4669871011442401,0.4494861564478739,0,5.0,-0.5899021075319003,1,0
1,1,0.7062818733285449,0.840373789507755,0.9413427272751009,0.006006199259672008,1,3.0,0.727334498175533,0,1
2,0,-0.18547491512967554,-0.4884406035463855,-0.3714760948633167,0.4494861564478739,0,5.0,-0.5899021075319003,1,0
3,0,0.2604034790994346,-0.4884406035463855,-0.4697153454755278,0.4494861564478739,2,5.0,-0.5899021075319003,1,0
1,0,1.152160267557655,-0.4884406035463855,-0.11792526709275265,-2.87661352246364,0,9.0,-0.5899021075319003,1,0
3,1,0.48334267621398974,-0.4884406035463855,-0.28914224673117783,0.4494861564478739,0,6.0,0.06871619532181635,0,1
1,0,-0.557040243653934,-0.4884406035463855,0.3583011953988232,-3.5695509555702056,0,5.0,-0.5899021075319003,1,0
3,0,-0.7799794407684891,-0.4884406035463855,-0.6147351916173633,0.4494861564478739,0,5.0,-0.5899021075319003,1,0
3,0,0.48334267621398974,-0.4884406035463855,-0.3237598874230998,0.4494861564478739,0,5.0,0.06871619532181635,0,0
1,0,3.0099869101789474,0.840373789507755,0.7138337214239683,-3.0429185064092157,0,9.0,0.727334498175533,0,0
2,0,1.3007863989673585,-0.4884406035463855,-0.33405161843961717,0.4494861564478739,0,5.0,-0.5899021075319003,1,0
1,1,0.6319688076236931,-0.4884406035463855,0.8822438653306159,-3.015201009084953,0,3.0,-0.5899021075319003,1,1
3,0,0.2604034790994346,-0.4884406035463855,-0.4669871011442401,0.4494861564478739,0,5.0,-0.5899021075319003,1,0
2,1,0.2604034790994346,2.1691881825618955,-0.09547058123853298,0.4494861564478739,0,6.0,1.3859528010292494,0,1
3,0,1.0778472018528034,0.840373789507755,-0.32945215028714453,0.4494861564478739,1,2.0,0.727334498175533,0,1
3,0,-0.074005316572398,-0.4884406035463855,-0.47946067913625917,0.4494861564478739,1,5.0,-0.5899021075319003,1,0
3,0,-0.4827271779490823,-0.4884406035463855,-0.4669871011442401,0.4494861564478739,0,5.0,-0.5899021075319003,1,0
3,1,-1.2258578349975993,-0.4884406035463855,-0.47946067913625917,0.4494861564478739,1,3.0,-0.5899021075319003,1,1
1,1,-0.557040243653934,-0.4884406035463855,0.6314998732918293,-1.9065011161144485,0,6.0,0.06871619532181635,0,1
3,0,-0.33410104653937894,-0.4884406035463855,-0.47907146458145267,0.4494861564478739,0,5.0,-0.5899021075319003,1,0
3,1,-0.33410104653937894,-0.4884406035463855,-0.46924753952023157,0.4494861564478739,0,3.0,-0.5899021075319003,1,0
3,0,0.48334267621398974,-0.4884406035463855,-0.4864010482890342,0.4494861564478739,2,5.0,-0.5899021075319003,1,0
2,0,-0.4827271779490823,-0.4884406035463855,-0.3714760948633167,0.4494861564478739,0,5.0,-0.5899021075319003,1,0
3,0,-0.7799794407684891,-0.4884406035463855,-0.46207513861362953,0.4494861564478739,0,5.0,-0.5899021075319003,1,0
3,1,-0.9286055721781925,-0.4884406035463855,-0.34418803787897617,0.4494861564478739,1,3.0,-0.5899021075319003,1,0
3,1,-0.40841411224423063,2.1691881825618955,-0.3022408134794726,0.4217686591236113,0,6.0,0.727334498175533,0,1
1,1,-0.6313533093587858,-0.4884406035463855,0.8440390885734822,-0.4374737579285298,0,3.0,-0.5899021075319003,1,1
3,0,-0.036848783719972154,-0.4884406035463855,-0.4697153454755278,0.4494861564478739,2,5.0,-0.5899021075319003,1,1
2,1,-0.8542925064733409,2.1691881825618955,-0.3714760948633167,0.4494861564478739,0,3.0,0.727334498175533,0,1
3,1,-0.6313533093587858,-0.4884406035463855,-0.17967565319185683,0.4494861564478739,2,3.0,0.727334498175533,0,1
1,1,0.03746428198487954,-0.4884406035463855,0.450537559992673,-0.13258128736164107,1,3.0,-0.5899021075319003,1,1
3,1,-1.4487970321121544,2.1691881825618955,-0.1628346388011921,0.4494861564478739,0,3.0,0.727334498175533,0,0
3,1,-1.820362360636413,0.840373789507755,-0.25436929446209744,0.4494861564478739,1,3.0,1.3859528010292494,0,1
3,0,0.40902961050913805,-0.4884406035463855,-0.4641016740119729,0.4494861564478739,0,5.0,-0.5899021075319003,1,0
3,1,-1.0029186378830441,-0.4884406035463855,-0.4795392705367489,0.4494861564478739,1,6.0,-0.5899021075319003,1,1
3,0,-0.25978798083452725,-0.4884406035463855,-0.4669871011442401,0.4494861564478739,0,5.0,-0.5899021075319003,1,0
1,1,0.40902961050913805,-0.4884406035463855,0.37888465743185795,-2.072806100060024,0,6.0,0.06871619532181635,0,1
3,0,-0.7056663750636374,-0.4884406035463855,-0.47946067913625917,0.4494861564478739,1,5.0,-0.5899021075319003,1,1
1,0,1.4494125303770617,-0.4884406035463855,1.0526038244589384,-1.213563683007883,1,5.0,0.06871619532181635,0,1
1,0,1.152160267557655,-0.4884406035463855,0.049549264903302505,0.47720365377213647,0,5.0,-0.5899021075319003,1,0
3,0,3.047143443031373,-0.4884406035463855,-0.4697153454755278,0.4494861564478739,2,5.0,-0.5899021075319003,1,0
1,0,2.341169318835282,-0.4884406035463855,0.012124788479603025,-3.098353501057741,0,5.0,-0.5899021075319003,1,0
3,1,-0.8542925064733409,-0.4884406035463855,-0.4305749568078017,0.4494861564478739,0,3.0,-0.5899021075319003,1,1
3,0,0.9292210704430999,-0.4884406035463855,-0.3246954993336923,0.4494861564478739,2,5.0,0.06871619532181635,0,0
3,1,-1.1143882364403217,-0.4884406035463855,-0.34426475805564477,0.4494861564478739,1,3.0,0.06871619532181635,0,0
1,1,1.5237255960819136,0.840373789507755,4.016932980370254,-2.5994385492210137,1,6.0,0.06871619532181635,0,1
1,0,0.6319688076236931,-0.4884406035463855,-0.12821699810927004,-3.5141159609216803,0,5.0,-0.5899021075319003,1,0
3,0,0.40902961050913805,-0.4884406035463855,-0.48141049435793387,0.4494861564478739,0,5.0,-0.5899021075319003,1,0
3,0,0.03746428198487954,-0.4884406035463855,-0.46293215912373226,0.4494861564478739,0,5.0,-0.5899021075319003,1,1
3,0,0.03746428198487954,-0.4884406035463855,-0.4669871011442401,0.4494861564478739,0,5.0,-0.5899021075319003,1,0
3,0,-0.7056663750636374,-0.4884406035463855,-0.5396523357923162,0.4494861564478739,1,5.0,-0.5899021075319003,1,0
1,1,2.4897954502449853,-0.4884406035463855,0.8440390885734822,-0.4651912552527925,0,3.0,0.06871619532181635,0,1
3,1,-0.40841411224423063,-0.4884406035463855,-0.4641016740119729,0.4494861564478739,0,3.0,-0.5899021075319003,1,0
3,0,-0.25978798083452725,-0.4884406035463855,-0.26317901621223627,0.4494861564478739,1,5.0,-0.5899021075319003,1,1
1,1,0.7062818733285449,-0.4884406035463855,1.4601395316986352,0.4494861564478739,1,3.0,-0.5899021075319003,1,1
2,0,0.33471654480428636,-0.4884406035463855,-0.3714760948633167,0.4494861564478739,0,5.0,-0.5899021075319003,1,0
3,0,0.18609041339458293,-0.4884406035463855,-0.3181462159595449,0.4494861564478739,0,5.0,0.06871619532181635,0,0
3,0,0.03746428198487954,-0.4884406035463855,-0.43696892860479075,0.4494861564478739,0,5.0,-0.5899021075319003,1,1
3,0,0.7805949390333965,-0.4884406035463855,-0.4669871011442401,0.4494861564478739,0,5.0,-0.5899021075319003,1,0
2,1,0.9292210704430999,-0.4884406035463855,-0.3714760948633167,0.4494861564478739,0,6.0,-0.5899021075319003,1,1
1,0,1.3007863989673585,-0.4884406035463855,-0.13593579637165806,0.06144119390819724,0,5.0,-0.5899021075319003,1,0
3,0,-0.7799794407684891,-0.4884406035463855,-0.48842758368737754,0.4494861564478739,2,5.0,-0.5899021075319003,1,0
3,0,1.3750994646722101,-0.4884406035463855,-0.4677655302538531,0.4494861564478739,0,5.0,-0.5899021075319003,1,0
1,1,1.3750994646722101,-0.4884406035463855,-0.12954182457466895,-0.9918237044137822,0,6.0,-0.5899021075319003,1,1
2,0,-0.33410104653937894,-0.4884406035463855,-0.3714760948633167,0.4494861564478739,0,5.0,-0.5899021075319003,1,0
3,1,-0.11116184942482385,-0.4884406035463855,-0.4669871011442401,0.4494861564478739,0,3.0,-0.5899021075319003,1,0
3,0,-1.8946754263412646,2.1691881825618955,-0.09266374550675555,0.4494861564478739,0,2.0,2.7031894067366826,0,0
1,0,0.33471654480428636,-0.4884406035463855,-0.11792526709275265,0.4494861564478739,0,5.0,-0.5899021075319003,1,1
1,0,-0.4827271779490823,0.840373789507755,0.5708404106804761,-1.07497619638657,1,5.0,0.06871619532181635,0,1
2,1,-1.6717362292267095,2.1691881825618955,-0.1235389385563076,0.4494861564478739,0,3.0,0.727334498175533,0,1
3,1,-0.40841411224423063,-0.4884406035463855,-0.3181462159595449,0.4494861564478739,0,6.0,0.06871619532181635,0,1
3,0,0.48334267621398974,-0.4884406035463855,-0.4734577931178977,0.4494861564478739,0,5.0,-0.5899021075319003,1,0
3,0,-0.6313533093587858,-0.4884406035463855,-0.4526404281072149,0.4494861564478739,0,5.0,-0.5899021075319003,1,0
2,0,1.0778472018528034,-0.4884406035463855,-0.6147351916173633,0.4494861564478739,0,5.0,-0.5899021075319003,1,0
3,0,-0.557040243653934,-0.4884406035463855,-0.47907146458145267,0.4494861564478739,0,5.0,-0.5899021075319003,1,0
3,0,0.11177734768973124,-0.4884406035463855,-0.4697153454755278,0.4494861564478739,2,5.0,-0.5899021075319003,1,0
2,0,-0.11116184942482385,0.840373789507755,0.0027686693736781545,0.4494861564478739,0,8.0,0.06871619532181635,0,0
3,1,-0.18547491512967554,-0.4884406035463855,-0.4719757838515192,0.4494861564478739,2,3.0,-0.5899021075319003,1,0
1,0,0.11177734768973124,-0.4884406035463855,0.4518623864580719,-3.0706360037334783,0,5.0,0.06871619532181635,0,1
2,1,-1.2258578349975993,0.840373789507755,-0.24984654648629334,0.4494861564478739,0,3.0,0.06871619532181635,0,1
3,0,0.6319688076236931,-0.4884406035463855,-0.4828139122238226,0.4494861564478739,0,5.0,-0.5899021075319003,1,0
2,0,0.7062818733285449,-0.4884406035463855,-0.3714760948633167,0.4494861564478739,0,5.0,-0.5899021075319003,1,0
1,1,0.40902961050913805,-0.4884406035463855,8.972090841669045,0.4494861564478739,1,3.0,-0.5899021075319003,1,1
1,0,-1.077231703587896,-0.4884406035463855,0.049549264903302505,-1.6293261428718224,0,5.0,-0.5899021075319003,1,1
3,0,-0.40841411224423063,-0.4884406035463855,-0.46885832496542507,0.4494861564478739,0,5.0,-0.5899021075319003,1,0
3,0,-0.4827271779490823,-0.4884406035463855,-0.47946067913625917,0.4494861564478739,1,5.0,-0.5899021075319003,1,1
3,0,-0.11116184942482385,-0.4884406035463855,-0.4669871011442401,0.4494861564478739,0,5.0,-0.5899021075319003,1,0
1,1,-0.557040243653934,0.840373789507755,0.41443791003437247,-0.1880162820101663,0,3.0,0.06871619532181635,0,1
3,0,0.8177514718858224,2.1691881825618955,-0.34340773754554205,0.4494861564478739,0,5.0,0.727334498175533,0,0
1,0,-0.11116184942482385,-0.4884406035463855,0.049549264903302505,-3.2369409876790542,0,5.0,-0.5899021075319003,1,1
3,1,-0.25978798083452725,-0.4884406035463855,-0.31346815640658243,0.4494861564478739,0,6.0,0.06871619532181635,0,0
2,1,-0.18547491512967554,-0.4884406035463855,-0.35541538080608603,0.4494861564478739,1,3.0,0.06871619532181635,0,1
3,0,-0.25978798083452725,-0.4884406035463855,-0.4669871011442401,0.4494861564478739,0,5.0,-0.5899021075319003,1,0
2,1,1.3750994646722101,2.1691881825618955,0.6015602921528699,0.4494861564478739,0,6.0,1.3859528010292494,0,1
3,0,0.03746428198487954,-0.4884406035463855,-0.4795392705367489,0.4494861564478739,1,5.0,-0.5899021075319003,1,0
3,0,-0.40841411224423063,-0.4884406035463855,-0.4697153454755278,0.4494861564478739,2,5.0,-0.5899021075319003,1,1
3,0,-0.25978798083452725,-0.4884406035463855,-0.4526404281072149,0.4494861564478739,0,5.0,0.727334498175533,0,0
3,0,1.0778472018528034,-0.4884406035463855,-0.24111354491282308,0.4494861564478739,0,5.0,0.06871619532181635,0,0
3,0,-0.557040243653934,-0.4884406035463855,-0.4397757643365682,0.4494861564478739,0,5.0,-0.5899021075319003,1,0
3,1,-1.0029186378830441,-0.4884406035463855,-0.4699492484531759,0.4494861564478739,2,3.0,-0.5899021075319003,1,1
1,1,0.9292210704430999,-0.4884406035463855,3.642766807533749,0.4494861564478739,1,3.0,-0.5899021075319003,1,1
3,1,-0.25978798083452725,-0.4884406035463855,-0.4734577931178977,0.4494861564478739,0,3.0,-0.5899021075319003,1,0
1,0,0.11177734768973124,-0.4884406035463855,0.3583011953988232,-2.544003554572489,0,5.0,0.06871619532181635,0,0
3,0,-0.7056663750636374,-0.4884406035463855,-0.4828139122238226,0.4494861564478739,0,5.0,-0.5899021075319003,1,0
1,0,0.48334267621398974,2.1691881825618955,1.6307333938046054,-2.294546078654125,0,5.0,1.3859528010292494,0,1
2,0,0.33471654480428636,-0.4884406035463855,-0.22177818916851874,0.4494861564478739,0,5.0,0.06871619532181635,0,0
3,0,0.9292210704430999,0.840373789507755,-0.4574737992373357,0.4494861564478739,0,5.0,0.06871619532181635,0,0
3,0,0.9292210704430999,-0.4884406035463855,-0.4734577931178977,0.4494861564478739,0,5.0,-0.5899021075319003,1,0
3,0,0.2604034790994346,-0.4884406035463855,-0.4641016740119729,0.4494861564478739,0,5.0,-0.5899021075319003,1,0
1,0,0.11177734768973124,-0.4884406035463855,0.33015424668055887,-3.4309634689488924,0,5.0,-0.5899021075319003,1,0
3,0,1.5980386617867652,-0.4884406035463855,-0.4697153454755278,0.4494861564478739,0,5.0,-0.5899021075319003,1,0
3,0,3.307239172998354,-0.4884406035463855,-0.46924753952023157,0.4494861564478739,0,5.0,-0.5899021075319003,1,0
2,0,-2.1421379351384204,0.840373789507755,-0.34340773754554205,0.4494861564478739,0,2.0,0.727334498175533,0,1
3,0,0.5576557419188415,-0.4884406035463855,-0.4641016740119729,0.4494861564478739,0,5.0,-0.5899021075319003,1,0
3,0,-0.11116184942482385,-0.4884406035463855,-0.4664407037884541,0.4494861564478739,0,5.0,0.727334498175533,0,0
3,1,-0.036848783719972154,0.840373789507755,-0.4189583993258854,0.4217686591236113,0,6.0,0.727334498175533,0,0
2,1,-0.557040243653934,2.1691881825618955,0.16330470344077946,0.4494861564478739,1,6.0,1.3859528010292494,0,1
2,1,-0.9286055721781925,-0.4884406035463855,0.0027686693736781545,0.4494861564478739,0,3.0,-0.5899021075319003,1,1
3,0,-0.4827271779490823,-0.4884406035463855,-0.4677655302538531,0.4494861564478739,0,5.0,-0.5899021075319003,1,0
2,0,-0.33410104653937894,2.1691881825618955,0.16330470344077946,0.4494861564478739,1,5.0,1.3859528010292494,0,0
1,0,1.5237255960819136,-0.4884406035463855,0.4312789244250372,-0.049428795388853225,0,5.0,0.06871619532181635,0,0
3,0,-0.6313533093587858,-0.4884406035463855,-0.47907146458145267,0.4494861564478739,0,5.0,-0.5899021075319003,1,0
2,0,1.3750994646722101,-0.4884406035463855,-0.3714760948633167,0.4494861564478739,0,5.0,-0.5899021075319003,1,0
1,0,1.0778472018528034,-0.4884406035463855,1.0693662474491135,-1.435303661601984,2,0.0,0.727334498175533,0,0
3,0,-0.33410104653937894,-0.4884406035463855,-0.4641016740119729,0.4494861564478739,0,5.0,-0.5899021075319003,1,0
2,1,-0.40841411224423063,2.1691881825618955,-0.34340773754554205,0.4494861564478739,0,6.0,0.727334498175533,0,1
3,1,-0.7799794407684891,-0.4884406035463855,-0.4677655302538531,0.4494861564478739,0,3.0,0.06871619532181635,0,1
1,0,-0.40841411224423063,0.840373789507755,4.016932980370254,-2.5994385492210137,1,5.0,0.06871619532181635,0,0
3,1,-0.6313533093587858,2.1691881825618955,0.028497996914971548,0.4494861564478739,0,3.0,2.044571103882966,0,0
3,0,-1.0029186378830441,-0.4884406035463855,-0.27791490380406797,0.4494861564478739,0,5.0,0.727334498175533,0,0
1,0,-0.7799794407684891,-0.4884406035463855,0.37888465743185795,-0.8255187204682065,0,5.0,0.06871619532181635,0,0
3,0,0.9292210704430999,-0.4884406035463855,-0.4526404281072149,0.4494861564478739,0,5.0,-0.5899021075319003,1,0
3,1,-0.557040243653934,-0.4884406035463855,-0.4697153454755278,0.4494861564478739,0,3.0,-0.5899021075319003,1,1
2,0,-2.1302478446256448,0.840373789507755,-0.26388072514518063,0.4494861564478739,0,2.0,0.727334498175533,0,1
1,0,2.2668562531304306,-0.4884406035463855,-0.11792526709275265,0.4494861564478739,0,9.0,-0.5899021075319003,1,0
3,0,1.0035341361479517,-0.4884406035463855,-0.4641016740119729,0.4494861564478739,0,5.0,-0.5899021075319003,1,0
3,1,1.0035341361479517,-0.4884406035463855,-0.4697153454755278,0.4494861564478739,2,3.0,-0.5899021075319003,1,1
3,1,0.03746428198487954,-0.4884406035463855,-0.38130001992453777,0.4494861564478739,0,3.0,-0.5899021075319003,1,1
3,0,-0.7056663750636374,-0.4884406035463855,-0.4697153454755278,0.4494861564478739,2,5.0,-0.5899021075319003,1,0
3,1,0.7062818733285449,0.840373789507755,-0.19636135600536322,0.22774617785377294,1,3.0,0.727334498175533,0,1
1,1,0.40902961050913805,-0.4884406035463855,1.0693662474491135,-1.1858461856836204,0,6.0,0.06871619532181635,0,1
3,0,-1.0029186378830441,0.840373789507755,0.1279067624154233,0.4494861564478739,0,5.0,2.7031894067366826,0,0
3,1,-1.0029186378830441,-0.4884406035463855,-0.4697153454755278,0.4494861564478739,2,3.0,-0.5899021075319003,1,0
3,1,-0.9286055721781925,2.1691881825618955,-0.4664407037884541,0.4494861564478739,0,3.0,3.3618077095903995,0,1
2,0,-0.11116184942482385,-0.4884406035463855,-0.418256690392941,0.4494861564478739,0,5.0,-0.5899021075319003,1,0
3,1,0.5576557419188415,-0.4884406035463855,-0.4672977242985568,0.4494861564478739,2,3.0,-0.5899021075319003,1,1
1,1,-0.4827271779490823,2.1691881825618955,4.3065834580991185,-1.8510661214659232,0,3.0,2.7031894067366826,0,1
2,1,1.0778472018528034,-0.4884406035463855,-0.12821699810927004,0.4494861564478739,0,6.0,0.06871619532181635,0,0
3,1,0.11177734768973124,-0.4884406035463855,-0.45225121355240844,0.4494861564478739,0,6.0,-0.5899021075319003,1,1
2,1,1.152160267557655,0.840373789507755,-0.1235389385563076,0.4494861564478739,0,6.0,0.727334498175533,0,1
1,0,1.895290924606172,-0.4884406035463855,-0.0440119261559462,-1.8233486241416608,0,5.0,-0.5899021075319003,1,0
3,0,0.40902961050913805,-0.4884406035463855,-0.4828139122238226,0.4494861564478739,0,5.0,-0.5899021075319003,1,0
2,0,0.48334267621398974,2.1691881825618955,-0.09547058123853298,0.4494861564478739,0,5.0,1.3859528010292494,0,0
3,0,1.5980386617867652,-0.4884406035463855,-0.4641016740119729,0.4494861564478739,0,5.0,-0.5899021075319003,1,0
2,1,-0.18547491512967554,-0.4884406035463855,-0.418256690392941,-0.38203876328000463,0,3.0,-0.5899021075319003,1,1
3,1,-0.7056663750636374,-0.4884406035463855,-0.4526404281072149,0.4494861564478739,0,3.0,-0.5899021075319003,1,0
1,0,-0.33410104653937894,-0.4884406035463855,1.0895604949273416,-2.738026035842327,1,5.0,0.06871619532181635,0,1
3,0,-0.557040243653934,-0.4884406035463855,-0.4641016740119729,0.4494861564478739,0,5.0,-0.5899021075319003,1,0
2,0,0.11177734768973124,0.840373789507755,0.07769621362156684,0.4494861564478739,1,5.0,0.727334498175533,0,0
3,0,-0.557040243653934,-0.4884406035463855,-0.4641016740119729,0.4494861564478739,0,5.0,-0.5899021075319003,1,0
3,0,-0.8542925064733409,-0.4884406035463855,-0.4697153454755278,0.4494861564478739,0,5.0,-0.5899021075319003,1,0
1,1,-0.11116184942482385,-0.4884406035463855,1.8861554453963545,0.4494861564478739,0,6.0,0.06871619532181635,0,1
3,0,-0.8542925064733409,-0.4884406035463855,-0.24111354491282308,0.4494861564478739,0,5.0,0.06871619532181635,0,0
1,0,1.3007863989673585,-0.4884406035463855,0.021870122140334392,-0.6592137365226308,0,5.0,-0.5899021075319003,1,0
3,0,-1.077231703587896,0.840373789507755,-0.47946067913625917,0.4494861564478739,1,5.0,0.727334498175533,0,0
1,0,2.2668562531304306,0.840373789507755,0.8672740747611363,-2.7934610304908523,1,5.0,0.727334498175533,0,1
3,0,-0.9286055721781925,-0.4884406035463855,-0.48141049435793387,0.4494861564478739,0,5.0,-0.5899021075319003,1,0
1,1,0.03746428198487954,-0.4884406035463855,-0.034655807050021324,0.4494861564478739,1,3.0,-0.5899021075319003,1,1
1,0,1.9696039903110236,-0.4884406035463855,-0.040348069914066045,-3.2092234903547916,1,5.0,-0.5899021075319003,1,0
3,0,1.0778472018528034,-0.4884406035463855,-0.4641016740119729,0.4494861564478739,0,5.0,-0.5899021075319003,1,0
1,1,0.7805949390333965,-0.4884406035463855,2.2568916649686277,-2.017371105411499,0,3.0,-0.5899021075319003,1,1
1,0,0.5576557419188415,0.840373789507755,0.3686715178158304,-0.7700837258196812,0,5.0,0.727334498175533,0,1
3,0,0.40902961050913805,-0.4884406035463855,-0.4669871011442401,0.4494861564478739,0,5.0,-0.5899021075319003,1,0
3,1,-1.077231703587896,0.840373789507755,-0.1381962347476495,0.4494861564478739,0,3.0,2.044571103882966,0,0
2,1,1.895290924606172,-0.4884406035463855,-0.3153393802277674,0.4494861564478739,0,6.0,-0.5899021075319003,1,1
3,0,-1.6717362292267095,0.840373789507755,-0.06974125369723959,0.4494861564478739,2,2.0,2.7031894067366826,0,0
3,0,0.33471654480428636,0.840373789507755,-0.34527896136672703,0.4494861564478739,0,5.0,0.727334498175533,0,0
3,0,-2.043301557750968,0.840373789507755,-0.06974125369723959,0.4494861564478739,2,2.0,2.7031894067366826,0,0
3,0,-0.8542925064733409,-0.4884406035463855,-0.4931842346408298,0.4494861564478739,0,5.0,0.06871619532181635,0,0
1,0,-0.11116184942482385,-0.4884406035463855,0.9228643920408994,0.4494861564478739,1,5.0,0.06871619532181635,0,0
3,0,-0.11116184942482385,-0.4884406035463855,-0.4795392705367489,0.4494861564478739,1,5.0,-0.5899021075319003,1,0
2,0,0.03746428198487954,-0.4884406035463855,-0.1656414745329695,0.4494861564478739,1,5.0,0.06871619532181635,0,0
2,0,-0.036848783719972154,-0.4884406035463855,-0.22177818916851874,0.4494861564478739,0,5.0,0.06871619532181635,0,0
3,0,1.0778472018528034,-0.4884406035463855,-0.4669871011442401,0.4494861564478739,1,5.0,-0.5899021075319003,1,0
1,1,1.3007863989673585,0.840373789507755,0.3686715178158304,-0.7700837258196812,0,6.0,0.727334498175533,0,1
1,0,2.4154823845401334,-0.4884406035463855,-0.11792526709275265,-1.296716174980671,0,5.0,-0.5899021075319003,1,0
3,1,-1.0029186378830441,-0.4884406035463855,-0.4697153454755278,0.4494861564478739,2,3.0,-0.5899021075319003,1,1
1,0,1.9696039903110236,-0.4884406035463855,-0.11792526709275265,0.4494861564478739,0,5.0,-0.5899021075319003,1,0
3,0,-0.25978798083452725,-0.4884406035463855,-0.47946067913625917,0.4494861564478739,1,5.0,-0.5899021075319003,1,0
3,0,-0.40841411224423063,-0.4884406035463855,-0.481097999979796,0.4494861564478739,0,5.0,-0.5899021075319003,1,1
3,0,1.0778472018528034,-0.4884406035463855,-0.4664407037884541,0.4494861564478739,0,5.0,-0.5899021075319003,1,1
3,0,0.7805949390333965,-0.4884406035463855,-0.4795392705367489,0.4494861564478739,1,5.0,-0.5899021075319003,1,0
3,1,-1.820362360636413,2.1691881825618955,-0.027404814742929565,0.4494861564478739,0,3.0,3.3618077095903995,0,1
1,1,1.4494125303770617,-0.4884406035463855,0.8210398765872979,-0.7978012231439439,1,6.0,0.06871619532181635,0,1
3,0,-0.557040243653934,-0.4884406035463855,-0.4795392705367489,0.4494861564478739,1,5.0,-0.5899021075319003,1,1
3,1,1.152160267557655,4.826816968670177,-0.09266374550675555,0.4494861564478739,0,6.0,2.7031894067366826,0,0
3,1,1.3007863989673585,-0.4884406035463855,-0.34340773754554205,0.4494861564478739,0,6.0,0.06871619532181635,0,0
1,1,-0.25978798083452725,0.840373789507755,0.41443791003437247,-0.1880162820101663,0,6.0,0.06871619532181635,0,1
3,0,-0.9286055721781925,-0.4884406035463855,-0.1628346388011921,0.4494861564478739,2,5.0,0.06871619532181635,0,0
3,0,-0.8542925064733409,-0.4884406035463855,-0.4594236144590104,0.4494861564478739,0,5.0,-0.5899021075319003,1,0
3,0,1.5237255960819136,-0.4884406035463855,-0.4641016740119729,0.4494861564478739,0,5.0,-0.5899021075319003,1,0
1,0,1.152160267557655,-0.4884406035463855,-0.11792526709275265,0.4494861564478739,0,5.0,-0.5899021075319003,1,1
1,1,1.3750994646722101,-0.4884406035463855,0.12626944157188646,-3.541833458245943,1,9.0,0.06871619532181635,0,1
3,0,1.189316800410081,-0.4884406035463855,-0.4795392705367489,0.4494861564478739,1,5.0,-0.5899021075319003,1,0
3,1,-0.6313533093587858,-0.4884406035463855,-0.4715865692967128,0.4494861564478739,0,3.0,-0.5899021075319003,1,1
1,1,0.40902961050913805,-0.4884406035463855,1.923267427441916,-1.1304111910350954,0,3.0,-0.5899021075319003,1,1
3,1,-1.8946754263412646,2.1691881825618955,-0.20259814500137277,0.4494861564478739,0,3.0,0.727334498175533,0,1
2,0,-0.8542925064733409,-0.4884406035463855,0.7606143169535926,0.4494861564478739,0,5.0,-0.5899021075319003,1,0
3,0,-0.7056663750636374,-0.4884406035463855,-0.4526404281072149,0.4494861564478739,0,5.0,-0.5899021075319003,1,0
3,0,-0.6313533093587858,-0.4884406035463855,-0.4700278398536657,0.4494861564478739,2,5.0,-0.5899021075319003,1,0
3,0,0.8549080047382482,-0.4884406035463855,-0.48141049435793387,0.4494861564478739,0,5.0,-0.5899021075319003,1,0
2,0,-0.7799794407684891,0.840373789507755,0.07293956266811469,0.4494861564478739,0,5.0,0.727334498175533,0,0
2,0,-0.8542925064733409,-0.4884406035463855,-0.39954445218109125,0.4494861564478739,0,5.0,-0.5899021075319003,1,0
1,0,-0.6313533093587858,0.840373789507755,0.8314869191809734,-0.8809537151167317,0,5.0,0.06871619532181635,0,0
3,0,-0.33410104653937894,-0.4884406035463855,-0.4795392705367489,0.4494861564478739,1,5.0,-0.5899021075319003,1,0
1,1,2.4154823845401334,-0.4884406035463855,0.8822438653306159,-3.015201009084953,0,6.0,-0.5899021075319003,1,1
2,0,0.33471654480428636,-0.4884406035463855,-0.22177818916851874,0.4494861564478739,0,5.0,0.06871619532181635,0,0
3,1,0.03746428198487954,-0.4884406035463855,-0.4697153454755278,0.4494861564478739,2,3.0,-0.5899021075319003,1,1
3,0,0.11177734768973124,-0.4884406035463855,-0.4641016740119729,0.4494861564478739,0,5.0,-0.5899021075319003,1,0
3,1,-0.33410104653937894,-0.4884406035463855,-0.4664407037884541,0.4494861564478739,0,3.0,0.06871619532181635,0,0
2,0,1.6723517274916169,-0.4884406035463855,-0.3714760948633167,0.4494861564478739,0,5.0,-0.5899021075319003,1,0
3,0,-0.40841411224423063,-0.4884406035463855,-0.47946067913625917,0.4494861564478739,1,5.0,-0.5899021075319003,1,0
2,0,0.03746428198487954,-0.4884406035463855,-0.3714760948633167,0.4494861564478739,0,5.0,-0.5899021075319003,1,0
1,0,1.6723517274916169,0.840373789507755,0.8756945819564687,0.11687618855672248,0,5.0,0.727334498175533,0,0
1,1,1.0778472018528034,-0.4884406035463855,-0.09601697859431899,-2.821178527815115,1,6.0,-0.5899021075319003,1,1
2,1,0.48334267621398974,-0.4884406035463855,-0.3714760948633167,-1.1026936937108327,0,6.0,-0.5899021075319003,1,1
3,1,-2.043301557750968,0.840373789507755,-0.4189583993258854,0.4217686591236113,0,3.0,0.06871619532181635,0,0
3,0,0.5576557419188415,-0.4884406035463855,-0.4664407037884541,0.4494861564478739,0,5.0,0.727334498175533,0,0
1,1,0.7062818733285449,-0.4884406035463855,0.4312789244250372,-0.049428795388853225,0,6.0,0.06871619532181635,0,1
3,0,-1.523110097817006,0.840373789507755,-0.31721060404895246,0.4494861564478739,0,2.0,0.727334498175533,0,1
2,0,-0.11116184942482385,-0.4884406035463855,-0.35533678940559627,0.4494861564478739,1,5.0,-0.5899021075319003,1,1
3,0,-0.8542925064733409,0.840373789507755,-0.1381962347476495,0.4494861564478739,0,2.0,2.044571103882966,0,0
2,0,-0.33410104653937894,-0.4884406035463855,-0.3714760948633167,0.4494861564478739,0,5.0,-0.5899021075319003,1,0
3,1,-2.043301557750968,2.1691881825618955,-0.029509941541762674,0.4494861564478739,0,3.0,3.3618077095903995,0,0
3,0,-1.1515447692927476,0.840373789507755,0.1279067624154233,0.4494861564478739,0,5.0,2.7031894067366826,0,0
3,1,-2.043301557750968,2.1691881825618955,-0.09266374550675555,0.4494861564478739,0,3.0,2.7031894067366826,0,0
2,1,0.11177734768973124,0.840373789507755,-0.1235389385563076,0.4494861564478739,0,6.0,0.727334498175533,0,1
3,0,-0.18547491512967554,-0.4884406035463855,-0.4842173300897113,0.4494861564478739,0,5.0,-0.5899021075319003,1,1
3,1,-0.25978798083452725,-0.4884406035463855,-0.4664407037884541,0.4494861564478739,0,3.0,-0.5899021075319003,1,1
1,0,-0.18547491512967554,-0.4884406035463855,-0.0440119261559462,0.4494861564478739,0,5.0,-0.5899021075319003,1,1
3,0,0.48334267621398974,2.1691881825618955,0.6867009760167861,0.4494861564478739,0,2.0,5.996280921005266,0,0
3,1,0.5576557419188415,-0.4884406035463855,-0.4353316077612539,0.4494861564478739,0,3.0,-0.5899021075319003,1,0
3,1,-0.7799794407684891,2.1691881825618955,-0.32945215028714453,0.4494861564478739,1,6.0,0.727334498175533,0,0
1,0,0.11177734768973124,-0.4884406035463855,-0.11792526709275265,0.4494861564478739,0,5.0,-0.5899021075319003,1,1
2,1,0.7805949390333965,0.840373789507755,0.1150420986447766,0.4494861564478739,0,6.0,0.727334498175533,0,1
2,1,-0.6313533093587858,-0.4884406035463855,-0.418256690392941,0.4494861564478739,0,3.0,-0.5899021075319003,1,1
3,1,-0.18547491512967554,-0.4884406035463855,-0.4682333362091493,0.4494861564478739,2,3.0,-0.5899021075319003,1,1
3,0,-1.523110097817006,2.1691881825618955,-0.2306665023191474,0.4494861564478739,0,2.0,0.727334498175533,0,1
1,1,1.4494125303770617,-0.4884406035463855,-0.12954182457466895,-0.9918237044137822,0,0.0,-0.5899021075319003,1,1
3,0,0.40902961050913805,-0.4884406035463855,-0.4641016740119729,0.4494861564478739,0,5.0,-0.5899021075319003,1,0
3,1,-0.557040243653934,-0.4884406035463855,-0.47907146458145267,0.4494861564478739,0,3.0,-0.5899021075319003,1,1
3,0,-0.9286055721781925,-0.4884406035463855,-0.4526404281072149,0.4494861564478739,0,5.0,-0.5899021075319003,1,0
3,1,-2.136192889882033,0.840373789507755,-0.25436929446209744,0.4494861564478739,1,3.0,1.3859528010292494,0,1
3,0,-1.8946754263412646,0.840373789507755,-0.4064062299333766,0.4494861564478739,0,2.0,0.727334498175533,0,1
1,0,2.564108515949837,-0.4884406035463855,-0.12821699810927004,0.4494861564478739,0,5.0,-0.5899021075319003,1,0
1,0,0.03746428198487954,-0.4884406035463855,3.5352500292161024,-1.1581286883593578,0,5.0,-0.5899021075319003,1,0
2,0,1.0778472018528034,-0.4884406035463855,-0.12821699810927004,0.4494861564478739,0,5.0,0.06871619532181635,0,0
3,0,-0.25978798083452725,-0.4884406035463855,-0.34426475805564477,0.4494861564478739,1,5.0,0.06871619532181635,0,0
3,0,-2.1176146234558195,0.840373789507755,0.1279067624154233,0.4494861564478739,0,2.0,2.7031894067366826,0,0
1,1,-1.077231703587896,0.840373789507755,3.3398624514794313,-2.7103085385180643,0,3.0,0.06871619532181635,0,1
1,0,0.48334267621398974,0.840373789507755,8.972090841669045,-2.654873543869539,1,5.0,0.06871619532181635,0,1
1,1,-0.40841411224423063,-0.4884406035463855,0.3115991912696886,-1.2689986776564084,1,9.0,-0.5899021075319003,1,1
3,0,-0.557040243653934,-0.4884406035463855,-0.47400419047368375,0.4494861564478739,0,5.0,-0.5899021075319003,1,0
1,1,-0.6313533093587858,2.1691881825618955,4.294888309216712,-2.6271560465452763,1,3.0,2.044571103882966,0,1
3,0,0.40902961050913805,-0.4884406035463855,-0.4697153454755278,0.4494861564478739,2,5.0,-0.5899021075319003,1,0
3,0,-0.6313533093587858,-0.4884406035463855,-0.46924753952023157,0.4494861564478739,0,5.0,-0.5899021075319003,1,0
2,0,-2.1176146234558195,0.840373789507755,0.1150420986447766,0.3940511617993486,0,2.0,1.3859528010292494,0,1
3,0,-0.557040243653934,-0.4884406035463855,-0.46885832496542507,0.4494861564478739,0,5.0,-0.5899021075319003,1,0
3,1,0.7805949390333965,-0.4884406035463855,-0.43743673456008697,0.4494861564478739,0,6.0,0.06871619532181635,0,0
